trial_count	CURRENT_FIX_INTEREST_AREAS	CURRENT_FIX_START	CURRENT_FIX_END	verb_onset	Sentence_duration_ms
0	[ ]	7	1261	0	6411.791
0	[ ]	1268	1375	0	6467.347
0	[ ]	1507	1953	0	5891.156
0	[ 1]	2006	2203	0	6239.592
0	[ ]	2249	2447	0	6193.878
0	[ ]	2592	2822	0	6844.422
0	[ 1]	2886	3162	0	6115.646
0	[ 2]	3216	3622	0	5649.297
0	[ 1]	3692	4095	0	6057.823
0	[ 1]	4119	4203	0	6414.512
0	[ 1]	4395	4786	0	6197.279
0	[ 3]	4838	5128	0	6428.753
0	[ 1]	5185	5413	0	6034.014
0	[ 1]	5454	6158	0	5729.025
0	[ 1]	6179	6489	0	6382.472
0	[ 1]	6514	6665	0	5725.578
0	[ 1]	6698	7169	0	5891.156
0	[ ]	7	1224	3220.871	6057.823
0	[ ]	1236	1367	3220.871	6034.014
0	[ ]	1374	1903	3220.871	6844.422
0	[ 3]	1952	2087	3220.871	5649.297
0	[ 3]	2109	2207	3220.871	6411.791
0	[ 3]	2361	2465	3220.871	6115.646
0	[ 3]	2502	2625	3220.871	6193.878
0	[ 2]	2676	2818	3220.871	6467.347
0	[ 2]	2845	3109	3220.871	6197.279
0	[ 2]	3327	3523	3220.871	6428.753
0	[ 1]	3600	3714	3220.871	5725.578
0	[ 1]	3739	3902	3220.871	6382.472
0	[ 1]	3913	4106	3220.871	6414.512
0	[ 3]	4160	4290	3220.871	5729.025
0	[ 3]	4319	4427	3220.871	6239.592
0	[ 3]	4547	4757	3220.871	6411.791
0	[ 2]	4811	4963	3220.871	6467.347
0	[ 4]	5033	5350	3220.871	5891.156
0	[ 1]	5416	5560	3220.871	6239.592
0	[ 3]	5607	5859	3220.871	6193.878
0	[ 3]	5907	6116	3220.871	6844.422
0	[ 2]	6188	6506	3220.871	6115.646
0	[ 4]	6578	6707	3220.871	5649.297
0	[ 1]	6749	6903	3220.871	6057.823
0	[ 1]	6928	7384	3220.871	6414.512
0	[ 1]	7421	7598	3220.871	6197.279
0	[ 1]	7618	8054	3220.871	6428.753
0	[ ]	7	15	2881.856	6034.014
0	[ ]	320	1109	2881.856	5729.025
0	[ ]	1348	1556	2881.856	6382.472
0	[ ]	1564	1802	2881.856	5725.578
0	[ 1]	1848	2067	2881.856	5891.156
0	[ 1]	2093	2278	2881.856	6057.823
0	[ 1]	2291	2453	2881.856	6034.014
0	[ 3]	2501	2721	2881.856	6844.422
0	[ 3]	2736	3135	2881.856	5649.297
0	[ 2]	3235	3373	2881.856	6411.791
0	[ 2]	3395	3496	2881.856	6115.646
0	[ 2]	3528	3710	2881.856	6193.878
0	[ 2]	3737	3870	2881.856	6467.347
0	[ 1]	3924	4125	2881.856	6197.279
0	[ 1]	4149	4207	2881.856	6428.753
0	[ 1]	4235	4370	2881.856	5725.578
0	[ 3]	4450	4593	2881.856	6382.472
0	[ 3]	4610	4722	2881.856	6414.512
0	[ 4]	4783	5027	2881.856	5729.025
0	[ 2]	5080	5382	2881.856	6239.592
0	[ 1]	5449	5603	2881.856	
0	[ 1]	5650	5852	2881.856	
0	[ 1]	5862	6050	2881.856	
0	[ 1]	6080	6191	2881.856	
0	[ 1]	6301	6436	2881.856	
0	[ 2]	6513	6757	2881.856	
0	[ 1]	6834	6935	2881.856	
0	[ 1]	6954	7137	2881.856	
0	[ 1]	7158	7198	2881.856	
0	[ 1]	7231	7473	2881.856	
0	[ 3]	7531	7795	2881.856	
0	[ 3]	7825	7988	2881.856	
0	[ 3]	8027	8234	2881.856	
0	[ 1]	8299	8369	2881.856	
0	[ 3]	8402	8669	2881.856	
0	[ 3]	8714	8852	2881.856	
0	[ 3]	8877	9411	2881.856	
0	[ ]	7	44	0	
0	[ 3]	92	710	0	
0	[ 2]	748	908	0	
0	[ ]	935	1119	0	
0	[ ]	1274	1814	0	
0	[ 3]	1874	2195	0	
0	[ 3]	2224	2573	0	
0	[ 2]	2623	3303	0	
0	[ 3]	3500	3697	0	
0	[ 1]	3749	5143	0	
0	[ 1]	5423	6183	0	
0	[ 1]	6199	6607	0	
0	[ 3]	6665	6799	0	
1	[ ]	7	315	0	
1	[ 1]	494	893	0	
1	[ ]	917	1015	0	
1	[ ]	1219	1844	0	
1	[ 1]	1891	2390	0	
1	[ 1]	2414	2612	0	
1	[ ]	2670	3234	0	
1	[ 1]	3468	3617	0	
1	[ 1]	3806	4028	0	
1	[ 3]	4081	4484	0	
1	[ ]	4518	4880	0	
1	[ 1]	4918	5157	0	
1	[ 1]	5192	5634	0	
1	[ 1]	5660	6242	0	
2	[ ]	7	1775	3108.201	
2	[ 4]	1821	1957	3108.201	
2	[ 4]	1989	2108	3108.201	
2	[ 4]	2240	2506	3108.201	
2	[ 4]	2538	2636	3108.201	
2	[ 3]	2809	3237	3108.201	
2	[ 1]	3315	3422	3108.201	
2	[ 1]	3446	3729	3108.201	
2	[ 1]	3763	3921	3108.201	
2	[ 4]	3984	4148	3108.201	
2	[ 4]	4161	4547	3108.201	
2	[ 3]	4601	4804	3108.201	
2	[ 3]	4824	4876	3108.201	
2	[ 3]	4899	5008	3108.201	
2	[ 4]	5081	5184	3108.201	
2	[ 4]	5333	5605	3108.201	
2	[ 4]	5618	5881	3108.201	
2	[ 3]	5934	6080	3108.201	
2	[ 3]	6094	6406	3108.201	
2	[ 2]	6493	6601	3108.201	
2	[ 2]	6625	6886	3108.201	
2	[ 2]	6917	7090	3108.201	
2	[ 1]	7161	7263	3108.201	
2	[ 1]	7289	7785	3108.201	
2	[ 1]	7816	7971	3108.201	
2	[ 1]	7987	8541	3108.201	
2	[ 4]	8743	8807	3108.201	
3	[ ]	7	860	0	
3	[ ]	1094	1198	0	
3	[ ]	1218	1580	0	
3	[ ]	1805	1943	0	
3	[ 3]	1997	2352	0	
3	[ 3]	2383	2654	0	
3	[ 4]	2701	2728	0	
3	[ 4]	2918	3082	0	
3	[ 3]	3147	3331	0	
3	[ 3]	3368	4618	0	
3	[ 3]	4647	4745	0	
3	[ 1]	4799	5258	0	
3	[ 1]	5287	5518	0	
3	[ 1]	5531	5950	0	
3	[ 1]	6337	6491	0	
3	[ 1]	6503	6980	0	
3	[ ]	7027	7142	0	
4	[ ]	7	603	0	
4	[ 4]	630	878	0	
4	[ ]	900	2156	0	
4	[ ]	2164	2413	0	
4	[ 4]	2461	2617	0	
4	[ ]	2647	2999	0	
4	[ 4]	3105	3422	0	
4	[ 1]	3472	3691	0	
4	[ 1]	3714	4473	0	
4	[ 1]	4509	4714	0	
4	[ 2]	4791	4942	0	
4	[ 3]	5038	5235	0	
4	[ 1]	5295	5472	0	
4	[ 1]	5498	5578	0	
4	[ 1]	5760	6145	0	
4	[ 1]	6177	6229	0	
4	[ 1]	6477	6654	0	
4	[ 1]	6684	7106	0	
4	[ 1]	7305	7365	0	
5	[ ]	7	1898	0	
5	[ 3]	1951	2443	0	
5	[ 1]	2485	2793	0	
5	[ 3]	2842	2995	0	
5	[ ]	3131	3205	0	
5	[ 2]	3399	3507	0	
5	[ 3]	3574	3866	0	
5	[ 3]	3882	3968	0	
5	[ 3]	4171	4597	0	
5	[ 1]	4629	5698	0	
5	[ 1]	5729	6016	0	
5	[ 1]	6104	6453	0	
5	[ 1]	6733	7531	0	
6	[ ]	7	466	3135.133	
6	[ 2]	669	993	3135.133	
6	[ ]	1233	1773	3135.133	
6	[ 2]	1823	1969	3135.133	
6	[ 2]	1994	2155	3135.133	
6	[ 2]	2184	2369	3135.133	
6	[ 2]	2389	2554	3135.133	
6	[ 2]	2668	2795	3135.133	
6	[ 3]	2848	3476	3135.133	
6	[ 3]	3494	3716	3135.133	
6	[ 3]	3749	3863	3135.133	
6	[ 3]	3885	4023	3135.133	
6	[ 2]	4088	4425	3135.133	
6	[ 4]	4500	4646	3135.133	
6	[ 1]	4692	4807	3135.133	
6	[ 1]	4830	5138	3135.133	
6	[ 4]	5184	5289	3135.133	
6	[ 4]	5328	5439	3135.133	
6	[ 3]	5512	5626	3135.133	
6	[ 3]	5739	5859	3135.133	
6	[ 3]	5883	6129	3135.133	
6	[ 3]	6158	6262	3135.133	
6	[ 2]	6332	6477	3135.133	
6	[ 2]	6503	6669	3135.133	
6	[ 2]	6686	7025	3135.133	
6	[ 4]	7106	7229	3135.133	
6	[ 4]	7255	7354	3135.133	
6	[ 1]	7411	7461	3135.133	
6	[ 2]	7871	8030	3135.133	
6	[ 2]	8057	8188	3135.133	
6	[ 3]	8307	8505	3135.133	
6	[ 4]	8610	8762	3135.133	
6	[ 4]	8787	8930	3135.133	
6	[ 1]	8980	9276	3135.133	
6	[ 1]	9304	9459	3135.133	
6	[ 1]	9477	9830	3135.133	
6	[ 1]	9855	10292	3135.133	
6	[ 2]	10417	10489	3135.133	
7	[ ]	7	354	0	
7	[ 2]	403	1758	0	
7	[ 2]	1795	1859	0	
7	[ 2]	1997	2357	0	
7	[ 2]	2578	2907	0	
7	[ 2]	3176	3405	0	
7	[ 1]	3466	3705	0	
7	[ 1]	3726	4435	0	
7	[ 1]	4562	5613	0	
7	[ 1]	5770	6557	0	
8	[ ]	7	1166	2604.484	
8	[ 1]	1202	1799	2604.484	
8	[ 1]	1838	2083	2604.484	
8	[ 1]	2217	2648	2604.484	
8	[ 1]	2671	2706	2604.484	
8	[ 1]	2911	3117	2604.484	
8	[ 1]	3141	3285	2604.484	
8	[ 4]	3350	3396	2604.484	
8	[ 4]	3525	3645	2604.484	
8	[ 2]	3731	3855	2604.484	
8	[ 2]	3913	4057	2604.484	
8	[ 3]	4114	4276	2604.484	
8	[ 3]	4301	4414	2604.484	
8	[ 1]	4481	4602	2604.484	
8	[ 1]	4625	5141	2604.484	
8	[ 2]	5224	5341	2604.484	
8	[ 2]	5363	5682	2604.484	
8	[ 1]	5725	5875	2604.484	
8	[ 1]	5888	6471	2604.484	
8	[ 1]	6496	6587	2604.484	
8	[ 3]	6732	6839	2604.484	
8	[ 3]	6865	6993	2604.484	
8	[ 3]	7012	7487	2604.484	
9	[ ]	7	199	0	
9	[ 1]	258	371	0	
9	[ ]	410	580	0	
9	[ 3]	651	951	0	
9	[ ]	990	1141	0	
9	[ ]	1148	1274	0	
9	[ 1]	1449	1527	0	
9	[ ]	1540	1800	0	
9	[ 2]	1858	2191	0	
9	[ 2]	2201	2357	0	
9	[ 2]	2651	2999	0	
9	[ 2]	3039	3299	0	
9	[ 3]	3422	4249	0	
9	[ 3]	4272	4401	0	
9	[ 1]	4447	4789	0	
9	[ 1]	4820	5113	0	
9	[ 1]	5137	5784	0	
9	[ 1]	6020	6097	0	
9	[ 1]	6435	6815	0	
9	[ 3]	6880	7040	0	
10	[ ]	7	560	2974.021	
10	[ ]	833	1035	2974.021	
10	[ ]	1059	1483	2974.021	
10	[ ]	1491	1918	2974.021	
10	[ 4]	1955	2061	2974.021	
10	[ 4]	2100	2201	2974.021	
10	[ 4]	2224	2467	2974.021	
10	[ 4]	2507	2600	2974.021	
10	[ 4]	2867	3009	2974.021	
10	[ 1]	3053	3152	2974.021	
10	[ 1]	3334	3488	2974.021	
10	[ 1]	3511	3654	2974.021	
10	[ 4]	3723	3981	2974.021	
10	[ 3]	4065	4178	2974.021	
10	[ 3]	4203	4373	2974.021	
10	[ 2]	4429	4674	2974.021	
10	[ 2]	4694	4840	2974.021	
10	[ 2]	4875	5001	2974.021	
10	[ 4]	5082	5205	2974.021	
10	[ 4]	5226	5628	2974.021	
10	[ 1]	5677	5736	2974.021	
10	[ 1]	5891	5976	2974.021	
10	[ 4]	6032	6199	2974.021	
10	[ 4]	6223	6306	2974.021	
10	[ 1]	6372	6513	2974.021	
10	[ 1]	6533	6899	2974.021	
10	[ 1]	6934	7049	2974.021	
10	[ 4]	7092	7408	2974.021	
11	[ ]	7	25	0	
11	[ 2]	63	937	0	
11	[ ]	973	1848	0	
11	[ 2]	1899	2390	0	
11	[ 3]	2680	2839	0	
11	[ 4]	2890	3229	0	
11	[ 2]	3285	3359	0	
11	[ 2]	3549	3750	0	
11	[ 3]	3804	4169	0	
11	[ 3]	4477	4821	0	
11	[ 3]	5003	5737	0	
11	[ 1]	5802	5952	0	
11	[ 1]	5973	6236	0	
11	[ 1]	6263	6758	0	
12	[ ]	137	826	4437.052	
12	[ ]	842	1808	4437.052	
12	[ 1]	1854	2205	4437.052	
12	[ 1]	2227	2383	4437.052	
12	[ 2]	2428	2890	4437.052	
12	[ 1]	2945	3084	4437.052	
12	[ 1]	3115	3246	4437.052	
12	[ 1]	3411	3474	4437.052	
12	[ 2]	3529	3962	4437.052	
12	[ 1]	4015	4127	4437.052	
12	[ 1]	4163	4318	4437.052	
12	[ 1]	4347	4530	4437.052	
12	[ 2]	4600	4737	4437.052	
12	[ 2]	4751	4922	4437.052	
12	[ 2]	4955	5655	4437.052	
12	[ 4]	5710	5855	4437.052	
12	[ 4]	5876	6080	4437.052	
12	[ 3]	6139	6213	4437.052	
12	[ 3]	6411	6552	4437.052	
12	[ 1]	6637	6906	4437.052	
12	[ 1]	6931	7109	4437.052	
12	[ 1]	7398	7648	4437.052	
12	[ 1]	7775	8278	4437.052	
12	[ 1]	8304	9014	4437.052	
13	[ ]	7	824	0	
13	[ ]	833	1305	0	
13	[ 3]	1508	1718	0	
13	[ 3]	1801	1906	0	
13	[ ]	1941	2113	0	
13	[ ]	2127	2259	0	
13	[ 3]	2330	2432	0	
13	[ 3]	3204	3350	0	
13	[ 3]	3359	3649	0	
13	[ 3]	3673	3753	0	
13	[ 3]	3989	4043	0	
13	[ 1]	4386	4487	0	
13	[ 1]	4519	4732	0	
13	[ 1]	4752	5262	0	
13	[ 4]	5322	5613	0	
13	[ 4]	5638	5739	0	
13	[ 1]	5804	6022	0	
13	[ 1]	6041	6247	0	
13	[ 1]	6276	6681	0	
14	[ ]	7	612	3276.21	
14	[ 1]	747	1400	3276.21	
14	[ ]	1442	1907	3276.21	
14	[ 1]	1959	2146	3276.21	
14	[ 1]	2162	2269	3276.21	
14	[ 1]	2520	2737	3276.21	
14	[ 1]	2776	2931	3276.21	
14	[ 1]	2950	3323	3276.21	
14	[ 1]	3357	3432	3276.21	
14	[ 1]	3559	3651	3276.21	
14	[ 2]	3696	4004	3276.21	
14	[ 2]	4067	4166	3276.21	
14	[ 4]	4208	4293	3276.21	
14	[ 3]	4360	4708	3276.21	
14	[ 3]	4732	4893	3276.21	
14	[ 3]	4926	5121	3276.21	
14	[ 3]	5133	5316	3276.21	
14	[ 1]	5481	5744	3276.21	
14	[ 1]	5766	6350	3276.21	
14	[ 1]	6383	6588	3276.21	
14	[ 1]	6828	6933	3276.21	
14	[ 3]	6989	7123	3276.21	
14	[ 3]	7154	7234	3276.21	
14	[ 1]	7277	7716	3276.21	
14	[ 1]	7741	7837	3276.21	
14	[ 1]	7984	8580	3276.21	
15	[ ]	7	162	2840.398	
15	[ ]	179	1280	2840.398	
15	[ ]	1554	1854	2840.398	
15	[ 2]	1903	2089	2840.398	
15	[ 2]	2114	2276	2840.398	
15	[ 2]	2284	2624	2840.398	
15	[ 4]	2693	2821	2840.398	
15	[ 4]	2842	3022	2840.398	
15	[ 3]	3077	3264	2840.398	
15	[ 3]	3282	3415	2840.398	
15	[ 1]	3500	3554	2840.398	
15	[ 1]	3733	3866	2840.398	
15	[ 2]	3933	4051	2840.398	
15	[ 2]	4079	4219	2840.398	
15	[ 4]	4303	4411	2840.398	
15	[ 4]	4438	4542	2840.398	
15	[ 3]	4596	4725	2840.398	
15	[ 3]	4738	4900	2840.398	
15	[ 3]	4938	5051	2840.398	
15	[ 1]	5119	5259	2840.398	
15	[ 1]	5279	5354	2840.398	
15	[ 1]	5510	5612	2840.398	
15	[ 1]	5637	5835	2840.398	
15	[ 1]	5845	6240	2840.398	
15	[ 1]	6251	6622	2840.398	
15	[ 1]	6643	6845	2840.398	
15	[ 1]	7070	7591	2840.398	
16	[ ]	7	35	0	
16	[ 1]	100	897	0	
16	[ ]	1060	1513	0	
16	[ ]	1586	1706	0	
16	[ ]	1742	1837	0	
16	[ 1]	1895	2575	0	
16	[ 4]	2617	2885	0	
16	[ 1]	2940	3387	0	
16	[ 1]	3537	3973	0	
16	[ 4]	4248	4342	0	
16	[ 1]	4401	5795	0	
16	[ 1]	5982	6836	0	
17	[ ]	7	823	2623.803	
17	[ ]	831	1000	2623.803	
17	[ ]	1250	1687	2623.803	
17	[ ]	1887	2012	2623.803	
17	[ 2]	2054	2194	2623.803	
17	[ ]	2236	2632	2623.803	
17	[ 2]	2681	2819	2623.803	
17	[ 2]	2839	3100	2623.803	
17	[ 2]	3126	3312	2623.803	
17	[ 2]	3343	3482	2623.803	
17	[ ]	3631	3803	2623.803	
17	[ 2]	3846	3965	2623.803	
17	[ 3]	4034	4185	2623.803	
17	[ 4]	4265	4419	2623.803	
17	[ 1]	4479	4640	2623.803	
17	[ 1]	4665	4743	2623.803	
17	[ 1]	5017	5262	2623.803	
17	[ 1]	5285	5497	2623.803	
17	[ 1]	5519	5696	2623.803	
17	[ 3]	5752	5911	2623.803	
17	[ 2]	5972	6212	2623.803	
17	[ 4]	6279	6380	2623.803	
17	[ 1]	6424	7014	2623.803	
18	[ 4]	7	957	0	
18	[ ]	968	1512	0	
18	[ 4]	1680	2165	0	
18	[ ]	2176	2258	0	
18	[ 3]	2521	2697	0	
18	[ 4]	2742	3394	0	
18	[ 3]	3444	3627	0	
18	[ 3]	3668	4222	0	
18	[ 3]	4255	4471	0	
18	[ 1]	4533	5098	0	
18	[ 1]	5131	5453	0	
18	[ 1]	5640	6462	0	
19	[ ]	7	1791	2727.394	
19	[ 3]	1888	2027	2727.394	
19	[ 3]	2046	2176	2727.394	
19	[ 3]	2204	2404	2727.394	
19	[ 4]	2458	2622	2727.394	
19	[ 4]	2643	2950	2727.394	
19	[ 2]	3250	3381	2727.394	
19	[ 2]	3406	3570	2727.394	
19	[ 1]	3635	3848	2727.394	
19	[ 1]	3879	4001	2727.394	
19	[ 3]	4083	4267	2727.394	
19	[ 3]	4290	4342	2727.394	
19	[ 4]	4499	4665	2727.394	
19	[ 4]	4687	4946	2727.394	
19	[ 3]	5002	5255	2727.394	
19	[ 3]	5272	5465	2727.394	
19	[ 2]	5520	5710	2727.394	
19	[ 2]	5740	5904	2727.394	
19	[ 1]	5957	6137	2727.394	
19	[ 1]	6159	6245	2727.394	
19	[ 4]	6308	6518	2727.394	
19	[ 1]	6567	6715	2727.394	
19	[ 1]	6733	6918	2727.394	
19	[ 1]	6925	7158	2727.394	
19	[ 1]	7181	7252	2727.394	
19	[ 1]	7464	7584	2727.394	
19	[ 4]	7632	7817	2727.394	
20	[ ]	7	1266	0	
20	[ ]	1635	2364	0	
20	[ 1]	2412	4073	0	
20	[ 1]	4561	5034	0	
20	[ 1]	5073	5364	0	
20	[ 1]	5510	6307	0	
21	[ ]	7	874	4516.917	
21	[ ]	880	2009	4516.917	
21	[ 3]	2043	2251	4516.917	
21	[ 3]	2420	2593	4516.917	
21	[ 3]	2793	2973	4516.917	
21	[ 3]	3006	3769	4516.917	
21	[ 3]	3794	4197	4516.917	
21	[ 3]	4227	4394	4516.917	
21	[ 2]	4441	4593	4516.917	
21	[ 4]	4661	4752	4516.917	
21	[ 1]	4803	4948	4516.917	
21	[ 1]	4970	5057	4516.917	
21	[ 3]	5162	5416	4516.917	
21	[ 1]	5471	5614	4516.917	
21	[ 1]	5629	6039	4516.917	
21	[ 1]	6402	6553	4516.917	
21	[ 1]	6563	6751	4516.917	
21	[ 1]	6776	6974	4516.917	
21	[ 1]	7003	7195	4516.917	
21	[ 1]	7233	7628	4516.917	
22	[ ]	7	1061	2840.542	
22	[ ]	1336	1876	2840.542	
22	[ 4]	1934	2006	2840.542	
22	[ 4]	2383	2671	2840.542	
22	[ ]	2864	2998	2840.542	
22	[ 4]	3052	3291	2840.542	
22	[ 4]	3313	3497	2840.542	
22	[ 4]	3523	3677	2840.542	
22	[ 4]	3686	3873	2840.542	
22	[ 1]	3922	4070	2840.542	
22	[ 1]	4088	4448	2840.542	
22	[ 2]	4523	4675	2840.542	
22	[ 3]	4720	4925	2840.542	
22	[ 3]	4933	5076	2840.542	
22	[ 1]	5119	5377	2840.542	
22	[ 1]	5400	5568	2840.542	
22	[ 1]	5584	5854	2840.542	
22	[ 3]	5927	6125	2840.542	
22	[ 2]	6182	6320	2840.542	
22	[ 2]	6348	6502	2840.542	
22	[ 3]	6559	6721	2840.542	
22	[ 1]	6778	6898	2840.542	
22	[ 1]	6917	7169	2840.542	
23	[ ]	7	502	0	
23	[ 4]	548	1168	0	
23	[ ]	1198	1868	0	
23	[ 4]	1918	1971	0	
23	[ 4]	2147	2230	0	
23	[ ]	2273	2484	0	
23	[ 4]	2536	3972	0	
23	[ 3]	4036	4113	0	
23	[ 3]	4444	4877	0	
23	[ 1]	4963	5677	0	
23	[ 1]	5703	6665	0	
24	[ ]	7	440	4788.153	
24	[ ]	694	893	4788.153	
24	[ ]	908	2005	4788.153	
24	[ 1]	2061	2406	4788.153	
24	[ 4]	2643	2804	4788.153	
24	[ 4]	2822	2980	4788.153	
24	[ 1]	3051	3358	4788.153	
24	[ 3]	3440	3687	4788.153	
24	[ 3]	3707	3827	4788.153	
24	[ 3]	4037	4177	4788.153	
24	[ 2]	4226	4383	4788.153	
24	[ 2]	4747	4789	4788.153	
24	[ 1]	4858	5055	4788.153	
24	[ 1]	5076	5330	4788.153	
24	[ 1]	5349	5522	4788.153	
24	[ 1]	5562	5671	4788.153	
24	[ 4]	5719	6063	4788.153	
24	[ 1]	6129	6357	4788.153	
24	[ 1]	6384	6562	4788.153	
24	[ 1]	6584	7168	4788.153	
24	[ 1]	7308	7974	4788.153	
25	[ ]	7	1192	2728.933	
25	[ ]	1205	1599	2728.933	
25	[ ]	1858	2008	2728.933	
25	[ 3]	2044	2273	2728.933	
25	[ 1]	2309	2424	2728.933	
25	[ 1]	2453	2609	2728.933	
25	[ 1]	2635	2787	2728.933	
25	[ 4]	2935	3162	2728.933	
25	[ 4]	3183	3383	2728.933	
25	[ 4]	3409	3549	2728.933	
25	[ 4]	4365	4760	2728.933	
25	[ 2]	4809	5134	2728.933	
25	[ 3]	5199	5342	2728.933	
25	[ 3]	5367	5591	2728.933	
25	[ 1]	5641	5853	2728.933	
25	[ 2]	6082	6280	2728.933	
25	[ 4]	6325	6509	2728.933	
25	[ 4]	6558	6731	2728.933	
25	[ 1]	6808	6936	2728.933	
25	[ 1]	6945	7403	2728.933	
25	[ 4]	7649	7703	2728.933	
26	[ ]	7	504	2556.083	
26	[ 3]	528	1265	2556.083	
26	[ ]	1289	1861	2556.083	
26	[ 3]	1916	1945	2556.083	
26	[ 3]	1975	2184	2556.083	
26	[ 3]	2210	2548	2556.083	
26	[ 4]	2597	3028	2556.083	
26	[ 3]	3083	3239	2556.083	
26	[ 2]	3382	3556	2556.083	
26	[ 2]	3585	3707	2556.083	
26	[ 1]	3767	3963	2556.083	
26	[ 1]	3993	4091	2556.083	
26	[ 3]	4266	4410	2556.083	
26	[ 3]	4425	4526	2556.083	
26	[ 4]	4730	4926	2556.083	
26	[ 1]	5009	5193	2556.083	
26	[ 1]	5216	5311	2556.083	
26	[ 2]	5370	5651	2556.083	
26	[ 2]	5668	5749	2556.083	
26	[ 4]	5816	5975	2556.083	
26	[ 1]	6065	6277	2556.083	
26	[ 1]	6300	6568	2556.083	
26	[ 1]	6583	6944	2556.083	
27	[ ]	7	408	0	
27	[ 4]	469	2142	0	
27	[ 3]	2427	2595	0	
27	[ 4]	2649	3034	0	
27	[ 4]	3057	3674	0	
27	[ 3]	3732	4133	0	
27	[ 3]	4169	4426	0	
27	[ 3]	4455	4559	0	
27	[ 1]	4613	4903	0	
27	[ 1]	5113	6351	0	
28	[ ]	7	1014	0	
28	[ ]	1387	1878	0	
28	[ 4]	1933	2692	0	
28	[ 4]	2725	3342	0	
28	[ 1]	3387	4127	0	
28	[ 1]	4278	6363	0	
29	[ ]	7	2301	0	
29	[ ]	2324	3013	0	
29	[ 1]	3232	3457	0	
29	[ 1]	3700	3953	0	
29	[ 1]	3985	4947	0	
29	[ 1]	5142	5497	0	
29	[ 3]	5574	5695	0	
29	[ 3]	5726	5819	0	
29	[ 1]	5893	6157	0	
29	[ 1]	6175	6465	0	
29	[ 1]	6488	6909	0	
30	[ ]	7	1934	3081.022	
30	[ 3]	1988	2081	3081.022	
30	[ 3]	2217	2366	3081.022	
30	[ 3]	2387	2593	3081.022	
30	[ 2]	2641	3097	3081.022	
30	[ 3]	3150	3419	3081.022	
30	[ 3]	3655	3716	3081.022	
30	[ 3]	3745	4071	3081.022	
30	[ 1]	4124	4415	3081.022	
30	[ 1]	4450	4554	3081.022	
30	[ 3]	4740	4969	3081.022	
30	[ 3]	4993	5144	3081.022	
30	[ 1]	5215	5367	3081.022	
30	[ 1]	5393	5516	3081.022	
30	[ 1]	5538	5678	3081.022	
30	[ 4]	5743	5912	3081.022	
30	[ 4]	5930	6184	3081.022	
30	[ 4]	6199	6336	3081.022	
30	[ 4]	6361	6519	3081.022	
30	[ 4]	6552	6661	3081.022	
30	[ 1]	6733	6949	3081.022	
30	[ 1]	6975	7317	3081.022	
30	[ 1]	7740	8095	3081.022	
31	[ ]	7	452	2566.177	
31	[ 3]	473	1881	2566.177	
31	[ 3]	1923	2249	2566.177	
31	[ ]	2289	2442	2566.177	
31	[ 1]	2492	2896	2566.177	
31	[ 4]	3288	3409	2566.177	
31	[ 2]	3476	3601	2566.177	
31	[ 3]	3658	3870	2566.177	
31	[ 3]	3892	3968	2566.177	
31	[ 3]	4141	4345	2566.177	
31	[ 1]	4411	4569	2566.177	
31	[ 1]	4625	4944	2566.177	
31	[ 1]	4968	5163	2566.177	
31	[ 1]	5192	5321	2566.177	
31	[ 1]	5372	5517	2566.177	
31	[ 4]	5546	5727	2566.177	
31	[ 2]	5798	5988	2566.177	
31	[ 2]	6034	6133	2566.177	
31	[ 1]	6214	6415	2566.177	
31	[ 1]	6442	6809	2566.177	
32	[ ]	7	1315	0	
32	[ ]	1695	1849	0	
32	[ 3]	1916	2305	0	
32	[ 4]	2635	2788	0	
32	[ 3]	2857	3306	0	
32	[ 3]	3319	3773	0	
32	[ 3]	3792	4592	0	
32	[ 1]	4764	5729	0	
33	[ ]	7	1078	0	
33	[ ]	1308	1405	0	
33	[ ]	1419	2569	0	
33	[ 3]	2620	2823	0	
33	[ 3]	3085	3526	0	
33	[ 3]	3662	3836	0	
33	[ 3]	3870	4195	0	
33	[ 1]	4247	4713	0	
33	[ 1]	4732	5363	0	
33	[ 1]	5393	6208	0	
34	[ ]	7	592	2604.484	
34	[ ]	819	984	2604.484	
34	[ ]	1005	1852	2604.484	
34	[ 1]	1908	2165	2604.484	
34	[ 1]	2182	2370	2604.484	
34	[ 1]	2395	2543	2604.484	
34	[ 4]	2723	2856	2604.484	
34	[ 4]	2885	3101	2604.484	
34	[ 4]	3361	3466	2604.484	
34	[ 4]	3480	3643	2604.484	
34	[ 1]	3701	3843	2604.484	
34	[ 1]	3851	3995	2604.484	
34	[ 1]	4302	5020	2604.484	
34	[ 2]	5095	5202	2604.484	
34	[ 2]	5222	5373	2604.484	
34	[ 2]	5402	5543	2604.484	
34	[ 3]	5596	5947	2604.484	
34	[ 3]	5971	6141	2604.484	
34	[ 1]	6223	6735	2604.484	
34	[ 1]	6919	7554	2604.484	
35	[ ]	7	1777	2727.394	
35	[ 3]	1831	2029	2727.394	
35	[ 3]	2050	2424	2727.394	
35	[ 4]	2469	2605	2727.394	
35	[ 4]	2747	3169	2727.394	
35	[ 4]	3192	3604	2727.394	
35	[ 1]	3707	3800	2727.394	
35	[ 1]	3835	4037	2727.394	
35	[ 1]	4063	4273	2727.394	
35	[ 2]	4523	4670	2727.394	
35	[ 2]	4695	4806	2727.394	
35	[ 1]	4871	5030	2727.394	
35	[ 1]	5050	5114	2727.394	
35	[ 3]	5227	5386	2727.394	
35	[ 3]	5409	5622	2727.394	
35	[ 4]	5681	5857	2727.394	
35	[ 4]	5873	5958	2727.394	
35	[ 4]	6099	6260	2727.394	
35	[ 1]	6315	6497	2727.394	
35	[ 1]	6511	6821	2727.394	
35	[ 1]	6843	7461	2727.394	
36	[ ]	7	1865	0	
36	[ ]	2169	2239	0	
36	[ ]	2258	3572	0	
36	[ 3]	3630	4915	0	
36	[ 1]	5165	6495	0	
36	[ 3]	6724	6812	0	
37	[ ]	7	451	0	
37	[ 4]	487	1014	0	
37	[ ]	1043	2139	0	
37	[ ]	2152	2958	0	
37	[ 4]	3087	3409	0	
37	[ 2]	3458	3682	0	
37	[ 1]	3709	3829	0	
37	[ 3]	3894	4616	0	
37	[ 1]	4677	5327	0	
37	[ 1]	5773	6326	0	
38	[ ]	7	1580	2728.933	
38	[ ]	1588	2278	2728.933	
38	[ 4]	2319	2451	2728.933	
38	[ 4]	2490	2750	2728.933	
38	[ 2]	2895	3317	2728.933	
38	[ 4]	3368	3494	2728.933	
38	[ 4]	3518	3802	2728.933	
38	[ 3]	3878	4025	2728.933	
38	[ 3]	4042	4084	2728.933	
38	[ 1]	4142	4266	2728.933	
38	[ 3]	4320	4428	2728.933	
38	[ 3]	4448	4600	2728.933	
38	[ 3]	4629	4771	2728.933	
38	[ 1]	4830	5115	2728.933	
38	[ 2]	5345	5368	2728.933	
38	[ 1]	5396	5715	2728.933	
38	[ 4]	5799	6086	2728.933	
38	[ 1]	6163	6275	2728.933	
38	[ 1]	6297	6474	2728.933	
38	[ 2]	6518	6638	2728.933	
38	[ 4]	6699	6855	2728.933	
38	[ 4]	6865	6999	2728.933	
38	[ 1]	7069	7312	2728.933	
38	[ 1]	7333	7864	2728.933	
39	[ ]	7	100	3276.21	
39	[ ]	344	764	3276.21	
39	[ ]	783	1889	3276.21	
39	[ 3]	1932	2264	3276.21	
39	[ 3]	2290	2429	3276.21	
39	[ 1]	2491	2632	3276.21	
39	[ 1]	2647	3020	3276.21	
39	[ 1]	3044	3235	3276.21	
39	[ 2]	3275	3375	3276.21	
39	[ 2]	3623	4023	3276.21	
39	[ 1]	4087	4420	3276.21	
39	[ 1]	4433	4663	3276.21	
39	[ 1]	4691	4948	3276.21	
39	[ 1]	4972	5262	3276.21	
39	[ 3]	5324	5590	3276.21	
39	[ 3]	5751	5789	3276.21	
39	[ 1]	5837	6255	3276.21	
39	[ 1]	6501	8216	3276.21	
40	[ ]	7	2410	2623.803	
40	[ 2]	2618	2736	2623.803	
40	[ 2]	2761	3020	2623.803	
40	[ 3]	3067	3165	2623.803	
40	[ 3]	3255	3352	2623.803	
40	[ 3]	3506	3732	2623.803	
40	[ 3]	3762	3944	2623.803	
40	[ 4]	4044	4157	2623.803	
40	[ 1]	4216	4398	2623.803	
40	[ 1]	4419	4662	2623.803	
40	[ 1]	4700	4932	2623.803	
40	[ 1]	4958	5287	2623.803	
40	[ 1]	5315	5585	2623.803	
40	[ 1]	5613	6187	2623.803	
40	[ 1]	6223	6484	2623.803	
40	[ 3]	6535	6844	2623.803	
41	[ ]	7	2083	0	
41	[ ]	2095	3716	0	
41	[ 3]	4020	4220	0	
41	[ 3]	4243	4583	0	
41	[ 1]	4626	4893	0	
41	[ 1]	4931	6166	0	
42	[ ]	7	104	0	
42	[ 2]	127	2393	0	
42	[ 3]	2583	2778	0	
42	[ 3]	2801	2912	0	
42	[ 2]	2979	3260	0	
42	[ 3]	3309	3555	0	
42	[ 3]	3578	3768	0	
42	[ 3]	3788	3891	0	
42	[ 3]	4030	4283	0	
42	[ 1]	4376	6775	0	
43	[ ]	7	1395	3108.201	
43	[ ]	1716	1886	3108.201	
43	[ 4]	1944	2224	3108.201	
43	[ 4]	2250	2400	3108.201	
43	[ 3]	2453	2822	3108.201	
43	[ 4]	3002	3316	3108.201	
43	[ 4]	3333	3844	3108.201	
43	[ 1]	3911	4192	3108.201	
43	[ 1]	4220	4314	3108.201	
43	[ 4]	4579	4737	3108.201	
43	[ 3]	4792	4986	3108.201	
43	[ 3]	5004	5177	3108.201	
43	[ 4]	5288	5388	3108.201	
43	[ 4]	5423	5555	3108.201	
43	[ 1]	5619	6098	3108.201	
43	[ 4]	6157	6407	3108.201	
43	[ 1]	6469	7623	3108.201	
44	[ ]	7	877	0	
44	[ ]	886	2798	0	
44	[ 4]	3060	3233	0	
44	[ 3]	3303	3812	0	
44	[ 3]	3962	4668	0	
44	[ 3]	4707	4915	0	
44	[ 1]	4998	5867	0	
45	[ ]	7	1118	2840.398	
45	[ ]	1126	1877	2840.398	
45	[ 2]	1929	2067	2840.398	
45	[ 2]	2093	2295	2840.398	
45	[ 2]	2313	2485	2840.398	
45	[ 1]	2533	2665	2840.398	
45	[ 1]	2680	3009	2840.398	
45	[ 2]	3058	3317	2840.398	
45	[ ]	3379	3534	2840.398	
45	[ 4]	3563	3764	2840.398	
45	[ 4]	3796	3921	2840.398	
45	[ 3]	3993	4126	2840.398	
45	[ 3]	4143	4294	2840.398	
45	[ 1]	4492	4643	2840.398	
45	[ 1]	4658	4775	2840.398	
45	[ 2]	4825	4993	2840.398	
45	[ 3]	5079	5337	2840.398	
45	[ 3]	5358	5464	2840.398	
45	[ 2]	5554	5673	2840.398	
45	[ 1]	5740	6000	2840.398	
45	[ 1]	6026	6273	2840.398	
45	[ 1]	6298	6366	2840.398	
45	[ 1]	6509	6883	2840.398	
45	[ 2]	6942	7057	2840.398	
45	[ 3]	7147	7251	2840.398	
45	[ 3]	7273	7769	2840.398	
46	[ ]	7	1562	4437.052	
46	[ ]	1851	2037	4437.052	
46	[ 4]	2076	2375	4437.052	
46	[ 4]	2391	2518	4437.052	
46	[ 1]	2573	2715	4437.052	
46	[ 1]	2740	2960	4437.052	
46	[ 1]	2982	3108	4437.052	
46	[ 2]	3160	3310	4437.052	
46	[ 2]	3319	3594	4437.052	
46	[ 2]	3630	3810	4437.052	
46	[ 4]	3891	3954	4437.052	
46	[ 4]	4002	4117	4437.052	
46	[ 4]	4139	4298	4437.052	
46	[ 3]	4372	4525	4437.052	
46	[ 3]	4542	4732	4437.052	
46	[ 2]	4787	4928	4437.052	
46	[ 1]	4985	5320	4437.052	
46	[ 1]	5344	5488	4437.052	
46	[ 4]	5567	5706	4437.052	
46	[ 4]	5726	5865	4437.052	
46	[ 4]	5897	6013	4437.052	
46	[ 1]	6077	6206	4437.052	
46	[ 1]	6218	6277	4437.052	
46	[ 1]	6451	6576	4437.052	
46	[ 1]	6599	7236	4437.052	
47	[ ]	7	452	0	
47	[ 3]	476	1201	0	
47	[ ]	1223	1436	0	
47	[ ]	1443	1666	0	
47	[ ]	1673	1969	0	
47	[ 3]	2021	2237	0	
47	[ 4]	2292	2448	0	
47	[ 1]	2534	2781	0	
47	[ 2]	2843	3079	0	
47	[ 3]	3285	3484	0	
47	[ 3]	3512	4300	0	
47	[ 3]	4463	4547	0	
47	[ 1]	4628	4903	0	
47	[ 1]	4936	5282	0	
47	[ 1]	5302	6538	0	
48	[ ]	7	2033	0	
48	[ 1]	2084	2286	0	
48	[ 1]	2530	2707	0	
48	[ 4]	2750	3320	0	
48	[ 2]	3422	3513	0	
48	[ 3]	3578	3839	0	
48	[ 3]	3881	4247	0	
48	[ 3]	4472	4662	0	
48	[ 3]	4686	4827	0	
48	[ 1]	4892	6230	0	
49	[ ]	36	364	3135.133	
49	[ ]	598	2153	3135.133	
49	[ 2]	2271	2416	3135.133	
49	[ 2]	2436	2604	3135.133	
49	[ 2]	2830	2903	3135.133	
49	[ 2]	2931	3133	3135.133	
49	[ 3]	3192	3266	3135.133	
49	[ 3]	3510	3648	3135.133	
49	[ 3]	3676	3877	3135.133	
49	[ 3]	3890	4065	3135.133	
49	[ 2]	4133	4379	3135.133	
49	[ 4]	4454	4578	3135.133	
49	[ 4]	4601	4673	3135.133	
49	[ 1]	4715	4875	3135.133	
49	[ 1]	4884	5072	3135.133	
49	[ 3]	5207	5406	3135.133	
49	[ 1]	5486	5660	3135.133	
49	[ 1]	5682	6110	3135.133	
49	[ 1]	6133	6348	3135.133	
49	[ 1]	6374	8012	3135.133	
50	[ ]	7	1166	0	
50	[ ]	1187	1514	0	
50	[ ]	1538	1675	0	
50	[ ]	1687	2114	0	
50	[ 2]	2447	2589	0	
50	[ 4]	2643	2952	0	
50	[ 4]	2988	3482	0	
50	[ 1]	3531	3880	0	
50	[ 1]	3909	4020	0	
50	[ 1]	4046	4201	0	
50	[ 3]	4244	4500	0	
50	[ 3]	4524	4639	0	
50	[ 1]	4692	4948	0	
50	[ 1]	5151	6520	0	
51	[ ]	7	622	0	
51	[ ]	841	2462	0	
51	[ 3]	2515	2817	0	
51	[ 1]	3106	3234	0	
51	[ 1]	3265	3470	0	
51	[ 3]	3523	3624	0	
51	[ 3]	3844	4206	0	
51	[ 3]	4233	6987	0	
52	[ ]	7	1150	2840.542	
52	[ ]	1162	1420	2840.542	
52	[ ]	1670	1937	2840.542	
52	[ 2]	1973	2298	2840.542	
52	[ 4]	2356	2492	2840.542	
52	[ 4]	2511	2777	2840.542	
52	[ 1]	2822	2994	2840.542	
52	[ 1]	3012	3222	2840.542	
52	[ 4]	3289	3468	2840.542	
52	[ 2]	3560	3677	2840.542	
52	[ 2]	3708	4004	2840.542	
52	[ 4]	4060	4118	2840.542	
52	[ 1]	4161	4283	2840.542	
52	[ 1]	4319	4530	2840.542	
52	[ 1]	4546	4626	2840.542	
52	[ 1]	4673	4736	2840.542	
52	[ 1]	4986	5188	2840.542	
52	[ 1]	5225	5540	2840.542	
52	[ 1]	5570	5666	2840.542	
52	[ 1]	5887	6103	2840.542	
52	[ 1]	6125	6336	2840.542	
52	[ 3]	6392	6545	2840.542	
52	[ 3]	6571	6733	2840.542	
52	[ 3]	6765	7234	2840.542	
53	[ ]	7	160	0	
53	[ ]	548	1039	0	
53	[ ]	1054	2125	0	
53	[ 4]	2172	3696	0	
53	[ 4]	3747	3794	0	
53	[ 3]	4024	5132	0	
53	[ ]	5496	5673	0	
53	[ 1]	5703	5966	0	
53	[ 1]	5994	6720	0	
54	[ ]	7	67	4788.153	
54	[ 1]	92	2396	4788.153	
54	[ 4]	2654	3254	4788.153	
54	[ 1]	3314	3446	4788.153	
54	[ 1]	3468	3764	4788.153	
54	[ 1]	3949	4097	4788.153	
54	[ 4]	4145	4295	4788.153	
54	[ 4]	4306	4542	4788.153	
54	[ 1]	4593	4693	4788.153	
54	[ 3]	4781	5081	4788.153	
54	[ 3]	5097	5288	4788.153	
54	[ 4]	5347	5490	4788.153	
54	[ 4]	5520	5770	4788.153	
54	[ 1]	5833	5983	4788.153	
54	[ 1]	6000	6144	4788.153	
54	[ 1]	6178	6619	4788.153	
54	[ 1]	6662	6737	4788.153	
54	[ 1]	7058	7197	4788.153	
54	[ 1]	7220	7686	4788.153	
55	[ ]	7	161	2566.177	
55	[ ]	177	915	2566.177	
55	[ ]	1133	1237	2566.177	
55	[ ]	1246	1668	2566.177	
55	[ ]	1911	2176	2566.177	
55	[ 3]	2222	2431	2566.177	
55	[ 3]	2447	2782	2566.177	
55	[ 1]	2827	3133	2566.177	
55	[ 1]	3169	3326	2566.177	
55	[ 3]	3373	3581	2566.177	
55	[ ]	3626	3770	2566.177	
55	[ 2]	3802	3975	2566.177	
55	[ 4]	4026	4185	2566.177	
55	[ 4]	4209	4363	2566.177	
55	[ 1]	4412	4552	2566.177	
55	[ 3]	4620	4773	2566.177	
55	[ 1]	4833	4977	2566.177	
55	[ 1]	5004	5180	2566.177	
55	[ 1]	5218	5324	2566.177	
55	[ 4]	5388	5524	2566.177	
55	[ 4]	5539	5709	2566.177	
55	[ 4]	5724	5898	2566.177	
55	[ 1]	5950	6412	2566.177	
55	[ 1]	6563	7402	2566.177	
56	[ ]	7	1752	3081.022	
56	[ 1]	2048	2135	3081.022	
56	[ 1]	2161	2340	3081.022	
56	[ 1]	2366	2601	3081.022	
56	[ 3]	2649	3246	3081.022	
56	[ 3]	3271	3338	3081.022	
56	[ 3]	3674	4121	3081.022	
56	[ 2]	4170	4406	3081.022	
56	[ 1]	4514	4590	3081.022	
56	[ 1]	4620	4768	3081.022	
56	[ 1]	4947	5040	3081.022	
56	[ 3]	5095	5499	3081.022	
56	[ 3]	5522	5661	3081.022	
56	[ 1]	5732	5943	3081.022	
56	[ 1]	5954	6109	3081.022	
56	[ 1]	6131	7635	3081.022	
57	[ ]	7	450	0	
57	[ ]	735	869	0	
57	[ ]	881	1899	0	
57	[ ]	1910	2167	0	
57	[ ]	2204	2564	0	
57	[ 1]	2875	2991	0	
57	[ 1]	3018	3208	0	
57	[ 1]	3535	3736	0	
57	[ 3]	3805	4020	0	
57	[ 1]	4084	5274	0	
57	[ 1]	5845	6263	0	
57	[ 1]	6287	6730	0	
58	[ ]	7	1865	4516.917	
58	[ 3]	2067	2128	4516.917	
58	[ ]	2152	2268	4516.917	
58	[ 3]	2508	2818	4516.917	
58	[ ]	2864	3148	4516.917	
58	[ 3]	3198	3415	4516.917	
58	[ 3]	3584	3825	4516.917	
58	[ 2]	3874	4103	4516.917	
58	[ 3]	4165	4381	4516.917	
58	[ 3]	4407	4604	4516.917	
58	[ 3]	4647	4825	4516.917	
58	[ 1]	4905	5151	4516.917	
58	[ 1]	5186	5351	4516.917	
58	[ 3]	5413	5521	4516.917	
58	[ 1]	5871	7184	4516.917	
58	[ 1]	7210	7342	4516.917	
58	[ 4]	7401	7492	4516.917	
58	[ 2]	7538	7697	4516.917	
58	[ 2]	7725	8257	4516.917	
59	[ ]	7	861	2556.083	
59	[ ]	871	1058	2556.083	
59	[ ]	1241	1906	2556.083	
59	[ 1]	1953	2207	2556.083	
59	[ 3]	2272	2484	2556.083	
59	[ 4]	2545	2774	2556.083	
59	[ 4]	2796	3091	2556.083	
59	[ 3]	3148	3360	2556.083	
59	[ 1]	3566	3666	2556.083	
59	[ 3]	3713	3929	2556.083	
59	[ 3]	4168	4295	2556.083	
59	[ 4]	4351	4764	2556.083	
59	[ 2]	4827	4953	2556.083	
59	[ 2]	4978	5167	2556.083	
59	[ 2]	5189	5262	2556.083	
59	[ 1]	5330	5564	2556.083	
59	[ 1]	5586	5798	2556.083	
59	[ 1]	5818	6179	2556.083	
59	[ 1]	6201	6995	2556.083	
60	[ ]	7	617	0	
60	[ ]	838	1068	0	
60	[ ]	1081	2043	0	
60	[ ]	2061	3085	0	
60	[ 2]	3133	3321	0	
60	[ 2]	3475	3514	0	
60	[ 2]	3522	3664	0	
60	[ 1]	3714	3889	0	
60	[ 1]	4168	5874	0	
60	[ 1]	5912	6525	0	
61	[ ]	7	1693	0	
61	[ ]	1911	1991	0	
61	[ ]	2014	2244	0	
61	[ 4]	2282	2454	0	
61	[ 4]	2495	3094	0	
61	[ 1]	3786	3903	0	
61	[ 3]	3969	4231	0	
61	[ 1]	4293	5331	0	
61	[ 1]	5583	6610	0	
62	[ ]	7	434	2974.021	
62	[ ]	454	1899	2974.021	
62	[ 4]	2269	2704	2974.021	
62	[ 4]	2751	2893	2974.021	
62	[ 4]	2908	3263	2974.021	
62	[ 4]	3483	3626	2974.021	
62	[ 4]	3652	4029	2974.021	
62	[ 4]	4045	4432	2974.021	
62	[ 4]	4463	5004	2974.021	
62	[ 4]	5026	5403	2974.021	
62	[ 4]	5432	5643	2974.021	
62	[ 1]	5693	6239	2974.021	
62	[ 1]	6274	6361	2974.021	
62	[ 1]	6602	6968	2974.021	
62	[ 1]	7004	7300	2974.021	
62	[ 1]	7322	7482	2974.021	
63	[ ]	7	492	0	
63	[ ]	674	1994	0	
63	[ 3]	2039	2442	0	
63	[ 3]	2469	2861	0	
63	[ 3]	3168	4227	0	
63	[ 3]	4253	4590	0	
63	[ 1]	4644	4887	0	
63	[ 1]	5134	6441	0	
64	[ ]	7	503	0	
64	[ 1]	748	2246	0	
64	[ 1]	2531	3749	0	
64	[ 3]	3989	4498	0	
64	[ 1]	4579	4755	0	
64	[ 3]	4814	5109	0	
64	[ 1]	5188	5380	0	
64	[ 1]	5432	5822	0	
64	[ 1]	5832	6353	0	
