Trial,Time,% in 1,% in 2,% in 3,% in 4
1,0.0-100.0,0.0,0.0,0.0,0.0
1,100.0-200.0,0.0,0.0,0.0,0.0
1,200.0-300.0,0.0,0.0,0.0,0.0
1,300.0-400.0,0.0,0.0,0.0,0.0
1,400.0-500.0,6.0,0.0,0.0,0.0
1,500.0-600.0,100.0,0.0,0.0,0.0
1,600.0-700.0,100.0,0.0,0.0,0.0
1,700.0-800.0,100.0,0.0,0.0,0.0
1,800.0-900.0,93.0,0.0,0.0,0.0
1,900.0-1000.0,0.0,0.0,0.0,0.0
1,1000.0-1100.0,0.0,0.0,0.0,0.0
1,1200.0-1300.0,0.0,0.0,0.0,0.0
1,1300.0-1400.0,0.0,0.0,0.0,0.0
1,1400.0-1500.0,0.0,0.0,0.0,0.0
1,1500.0-1600.0,0.0,0.0,0.0,0.0
1,1600.0-1700.0,0.0,0.0,0.0,0.0
1,1700.0-1800.0,0.0,0.0,0.0,0.0
1,1800.0-1900.0,9.0,0.0,0.0,0.0
1,1900.0-2000.0,100.0,0.0,0.0,0.0
1,2000.0-2100.0,100.0,0.0,0.0,0.0
1,2100.0-2200.0,100.0,0.0,0.0,0.0
1,2200.0-2300.0,100.0,0.0,0.0,0.0
1,2300.0-2400.0,90.0,0.0,0.0,0.0
1,2400.0-2500.0,86.0,0.0,0.0,0.0
1,2500.0-2600.0,100.0,0.0,0.0,0.0
1,2600.0-2700.0,12.0,0.0,0.0,0.0
1,2700.0-2800.0,0.0,0.0,0.0,0.0
1,2800.0-2900.0,0.0,0.0,0.0,0.0
1,2900.0-3000.0,0.0,0.0,0.0,0.0
1,3000.0-3100.0,0.0,0.0,0.0,0.0
1,3100.0-3200.0,0.0,0.0,0.0,0.0
1,3200.0-3300.0,0.0,0.0,0.0,0.0
1,3400.0-3500.0,32.0,0.0,0.0,0.0
1,3500.0-3600.0,100.0,0.0,0.0,0.0
1,3600.0-3700.0,17.0,0.0,0.0,0.0
1,3800.0-3900.0,94.0,0.0,0.0,0.0
1,3900.0-4000.0,100.0,0.0,0.0,0.0
1,4000.0-4100.0,28.0,0.0,19.0,0.0
1,4100.0-4200.0,0.0,0.0,100.0,0.0
1,4200.0-4300.0,0.0,0.0,100.0,0.0
1,4300.0-4400.0,0.0,0.0,100.0,0.0
1,4400.0-4500.0,0.0,0.0,84.0,0.0
1,4500.0-4600.0,0.0,0.0,0.0,0.0
1,4600.0-4700.0,0.0,0.0,0.0,0.0
1,4700.0-4800.0,0.0,0.0,0.0,0.0
1,4800.0-4900.0,0.0,0.0,0.0,0.0
1,4900.0-5000.0,82.0,0.0,0.0,0.0
1,5000.0-5100.0,100.0,0.0,0.0,0.0
1,5100.0-5200.0,65.0,0.0,0.0,0.0
1,5200.0-5300.0,100.0,0.0,0.0,0.0
1,5300.0-5400.0,100.0,0.0,0.0,0.0
1,5400.0-5500.0,100.0,0.0,0.0,0.0
1,5500.0-5600.0,100.0,0.0,0.0,0.0
1,5600.0-5700.0,74.0,0.0,0.0,0.0
1,5700.0-5800.0,100.0,0.0,0.0,0.0
1,5800.0-5900.0,100.0,0.0,0.0,0.0
1,5900.0-6000.0,100.0,0.0,0.0,0.0
1,6000.0-6100.0,100.0,0.0,0.0,0.0
1,6100.0-6200.0,100.0,0.0,0.0,0.0
1,6200.0-6300.0,42.0,0.0,0.0,0.0
2,3100.0-3200.0,0.0,0.0,100.0,0.0
2,3200.0-3300.0,0.0,0.0,37.0,0.0
2,3300.0-3400.0,85.0,0.0,0.0,0.0
2,3400.0-3500.0,76.0,0.0,0.0,0.0
2,3500.0-3600.0,100.0,0.0,0.0,0.0
2,3600.0-3700.0,100.0,0.0,0.0,0.0
2,3700.0-3800.0,66.0,0.0,0.0,0.0
2,3800.0-3900.0,100.0,0.0,0.0,0.0
2,3900.0-4000.0,21.0,0.0,0.0,16.0
2,4000.0-4100.0,0.0,0.0,0.0,100.0
2,4100.0-4200.0,0.0,0.0,0.0,87.0
2,4200.0-4300.0,0.0,0.0,0.0,100.0
2,4300.0-4400.0,0.0,0.0,0.0,100.0
2,4400.0-4500.0,0.0,0.0,0.0,100.0
2,4500.0-4600.0,0.0,0.0,0.0,47.0
2,4600.0-4700.0,0.0,0.0,99.0,0.0
2,4700.0-4800.0,0.0,0.0,100.0,0.0
2,4800.0-4900.0,0.0,0.0,81.0,0.0
2,4900.0-5000.0,0.0,0.0,100.0,0.0
2,5000.0-5100.0,0.0,0.0,8.0,19.0
2,5100.0-5200.0,0.0,0.0,0.0,84.0
2,5300.0-5400.0,0.0,0.0,0.0,67.0
2,5400.0-5500.0,0.0,0.0,0.0,100.0
2,5500.0-5600.0,0.0,0.0,0.0,100.0
2,5600.0-5700.0,0.0,0.0,0.0,87.0
2,5700.0-5800.0,0.0,0.0,0.0,100.0
2,5800.0-5900.0,0.0,0.0,0.0,81.0
2,5900.0-6000.0,0.0,0.0,66.0,0.0
2,6000.0-6100.0,0.0,0.0,86.0,0.0
2,6100.0-6200.0,0.0,0.0,100.0,0.0
2,6200.0-6300.0,0.0,0.0,100.0,0.0
2,6300.0-6400.0,0.0,0.0,100.0,0.0
3,0.0-100.0,0.0,0.0,0.0,0.0
3,100.0-200.0,0.0,0.0,0.0,0.0
3,200.0-300.0,0.0,0.0,0.0,0.0
3,300.0-400.0,0.0,0.0,0.0,0.0
3,400.0-500.0,0.0,0.0,0.0,0.0
3,500.0-600.0,0.0,0.0,0.0,0.0
3,600.0-700.0,0.0,0.0,0.0,0.0
3,700.0-800.0,0.0,0.0,0.0,0.0
3,800.0-900.0,0.0,0.0,0.0,0.0
3,1000.0-1100.0,0.0,0.0,0.0,0.0
3,1100.0-1200.0,0.0,0.0,0.0,0.0
3,1200.0-1300.0,0.0,0.0,0.0,0.0
3,1300.0-1400.0,0.0,0.0,0.0,0.0
3,1400.0-1500.0,0.0,0.0,0.0,0.0
3,1500.0-1600.0,0.0,0.0,0.0,0.0
3,1800.0-1900.0,0.0,0.0,0.0,0.0
3,1900.0-2000.0,0.0,0.0,3.0,0.0
3,2000.0-2100.0,0.0,0.0,100.0,0.0
3,2100.0-2200.0,0.0,0.0,100.0,0.0
3,2200.0-2300.0,0.0,0.0,100.0,0.0
3,2300.0-2400.0,0.0,0.0,69.0,0.0
3,2400.0-2500.0,0.0,0.0,100.0,0.0
3,2500.0-2600.0,0.0,0.0,100.0,0.0
3,2600.0-2700.0,0.0,0.0,54.0,0.0
3,2700.0-2800.0,0.0,0.0,0.0,99.0
3,2900.0-3000.0,0.0,0.0,0.0,82.0
3,3000.0-3100.0,0.0,0.0,0.0,82.0
3,3100.0-3200.0,0.0,0.0,53.0,0.0
3,3200.0-3300.0,0.0,0.0,100.0,0.0
3,3300.0-3400.0,0.0,0.0,63.0,0.0
3,3400.0-3500.0,0.0,0.0,100.0,0.0
3,3500.0-3600.0,0.0,0.0,100.0,0.0
3,3600.0-3700.0,0.0,0.0,100.0,0.0
3,3700.0-3800.0,0.0,0.0,100.0,0.0
3,3800.0-3900.0,0.0,0.0,100.0,0.0
3,3900.0-4000.0,0.0,0.0,100.0,0.0
3,4000.0-4100.0,0.0,0.0,100.0,0.0
3,4100.0-4200.0,0.0,0.0,100.0,0.0
3,4200.0-4300.0,0.0,0.0,100.0,0.0
3,4300.0-4400.0,0.0,0.0,100.0,0.0
3,4400.0-4500.0,0.0,0.0,100.0,0.0
3,4500.0-4600.0,0.0,0.0,100.0,0.0
3,4600.0-4700.0,0.0,0.0,71.0,0.0
3,4700.0-4800.0,1.0,0.0,45.0,0.0
3,4800.0-4900.0,100.0,0.0,0.0,0.0
3,4900.0-5000.0,100.0,0.0,0.0,0.0
3,5000.0-5100.0,100.0,0.0,0.0,0.0
3,5100.0-5200.0,100.0,0.0,0.0,0.0
3,5200.0-5300.0,71.0,0.0,0.0,0.0
3,5300.0-5400.0,100.0,0.0,0.0,0.0
3,5400.0-5500.0,100.0,0.0,0.0,0.0
3,5500.0-5600.0,87.0,0.0,0.0,0.0
3,5600.0-5700.0,100.0,0.0,0.0,0.0
3,5700.0-5800.0,100.0,0.0,0.0,0.0
4,0.0-100.0,0.0,0.0,0.0,0.0
4,100.0-200.0,0.0,0.0,0.0,0.0
4,200.0-300.0,0.0,0.0,0.0,0.0
4,300.0-400.0,0.0,0.0,0.0,0.0
4,400.0-500.0,0.0,0.0,0.0,0.0
4,500.0-600.0,0.0,0.0,0.0,0.0
4,600.0-700.0,0.0,0.0,0.0,70.0
4,700.0-800.0,0.0,0.0,0.0,100.0
4,800.0-900.0,0.0,0.0,0.0,78.0
4,900.0-1000.0,0.0,0.0,0.0,0.0
4,1000.0-1100.0,0.0,0.0,0.0,0.0
4,1100.0-1200.0,0.0,0.0,0.0,0.0
4,1200.0-1300.0,0.0,0.0,0.0,0.0
4,1300.0-1400.0,0.0,0.0,0.0,0.0
4,1400.0-1500.0,0.0,0.0,0.0,0.0
4,1500.0-1600.0,0.0,0.0,0.0,0.0
4,1600.0-1700.0,0.0,0.0,0.0,0.0
4,1700.0-1800.0,0.0,0.0,0.0,0.0
4,1800.0-1900.0,0.0,0.0,0.0,0.0
4,1900.0-2000.0,0.0,0.0,0.0,0.0
4,2000.0-2100.0,0.0,0.0,0.0,0.0
4,2100.0-2200.0,0.0,0.0,0.0,0.0
4,2200.0-2300.0,0.0,0.0,0.0,0.0
4,2300.0-2400.0,0.0,0.0,0.0,0.0
4,2400.0-2500.0,0.0,0.0,0.0,39.0
4,2500.0-2600.0,0.0,0.0,0.0,100.0
4,2600.0-2700.0,0.0,0.0,0.0,17.0
4,2700.0-2800.0,0.0,0.0,0.0,0.0
4,2800.0-2900.0,0.0,0.0,0.0,0.0
4,2900.0-3000.0,0.0,0.0,0.0,0.0
4,3100.0-3200.0,0.0,0.0,0.0,95.0
4,3200.0-3300.0,0.0,0.0,0.0,100.0
4,3300.0-3400.0,0.0,0.0,0.0,100.0
4,3400.0-3500.0,28.0,0.0,0.0,22.0
4,3500.0-3600.0,100.0,0.0,0.0,0.0
4,3600.0-3700.0,91.0,0.0,0.0,0.0
4,3700.0-3800.0,86.0,0.0,0.0,0.0
4,3800.0-3900.0,100.0,0.0,0.0,0.0
4,3900.0-4000.0,100.0,0.0,0.0,0.0
4,4000.0-4100.0,100.0,0.0,0.0,0.0
4,4100.0-4200.0,100.0,0.0,0.0,0.0
4,4200.0-4300.0,100.0,0.0,0.0,0.0
4,4300.0-4400.0,100.0,0.0,0.0,0.0
4,4400.0-4500.0,73.0,0.0,0.0,0.0
4,4500.0-4600.0,91.0,0.0,0.0,0.0
4,4600.0-4700.0,100.0,0.0,0.0,0.0
4,4700.0-4800.0,14.0,9.0,0.0,0.0
4,4800.0-4900.0,0.0,100.0,0.0,0.0
4,4900.0-5000.0,0.0,42.0,0.0,0.0
4,5000.0-5100.0,0.0,0.0,62.0,0.0
4,5100.0-5200.0,0.0,0.0,100.0,0.0
4,5200.0-5300.0,5.0,0.0,35.0,0.0
4,5300.0-5400.0,100.0,0.0,0.0,0.0
4,5400.0-5500.0,74.0,0.0,0.0,0.0
4,5500.0-5600.0,78.0,0.0,0.0,0.0
4,5700.0-5800.0,40.0,0.0,0.0,0.0
4,5800.0-5900.0,100.0,0.0,0.0,0.0
4,5900.0-6000.0,100.0,0.0,0.0,0.0
4,6000.0-6100.0,100.0,0.0,0.0,0.0
4,6100.0-6200.0,68.0,0.0,0.0,0.0
5,0.0-100.0,0.0,0.0,0.0,0.0
5,100.0-200.0,0.0,0.0,0.0,0.0
5,200.0-300.0,0.0,0.0,0.0,0.0
5,300.0-400.0,0.0,0.0,0.0,0.0
5,400.0-500.0,0.0,0.0,0.0,0.0
5,500.0-600.0,0.0,0.0,0.0,0.0
5,600.0-700.0,0.0,0.0,0.0,0.0
5,700.0-800.0,0.0,0.0,0.0,0.0
5,800.0-900.0,0.0,0.0,0.0,0.0
5,900.0-1000.0,0.0,0.0,0.0,0.0
5,1000.0-1100.0,0.0,0.0,0.0,0.0
5,1100.0-1200.0,0.0,0.0,0.0,0.0
5,1200.0-1300.0,0.0,0.0,0.0,0.0
5,1300.0-1400.0,0.0,0.0,0.0,0.0
5,1400.0-1500.0,0.0,0.0,0.0,0.0
5,1500.0-1600.0,0.0,0.0,0.0,0.0
5,1600.0-1700.0,0.0,0.0,0.0,0.0
5,1700.0-1800.0,0.0,0.0,0.0,0.0
5,1800.0-1900.0,0.0,0.0,0.0,0.0
5,1900.0-2000.0,0.0,0.0,49.0,0.0
5,2000.0-2100.0,0.0,0.0,100.0,0.0
5,2100.0-2200.0,0.0,0.0,100.0,0.0
5,2200.0-2300.0,0.0,0.0,100.0,0.0
5,2300.0-2400.0,0.0,0.0,100.0,0.0
5,2400.0-2500.0,15.0,0.0,43.0,0.0
5,2500.0-2600.0,100.0,0.0,0.0,0.0
5,2600.0-2700.0,100.0,0.0,0.0,0.0
5,2700.0-2800.0,93.0,0.0,0.0,0.0
5,2800.0-2900.0,0.0,0.0,58.0,0.0
5,2900.0-3000.0,0.0,0.0,95.0,0.0
5,3100.0-3200.0,0.0,0.0,0.0,0.0
5,3200.0-3300.0,0.0,0.0,0.0,0.0
5,3300.0-3400.0,0.0,1.0,0.0,0.0
5,3400.0-3500.0,0.0,100.0,0.0,0.0
5,3500.0-3600.0,0.0,7.0,26.0,0.0
5,3600.0-3700.0,0.0,0.0,100.0,0.0
5,3700.0-3800.0,0.0,0.0,100.0,0.0
5,3800.0-3900.0,0.0,0.0,84.0,0.0
5,3900.0-4000.0,0.0,0.0,68.0,0.0
5,4100.0-4200.0,0.0,0.0,29.0,0.0
5,4200.0-4300.0,0.0,0.0,100.0,0.0
5,4300.0-4400.0,0.0,0.0,100.0,0.0
5,4400.0-4500.0,0.0,0.0,100.0,0.0
5,4500.0-4600.0,0.0,0.0,97.0,0.0
5,4600.0-4700.0,71.0,0.0,0.0,0.0
5,4700.0-4800.0,100.0,0.0,0.0,0.0
5,4800.0-4900.0,100.0,0.0,0.0,0.0
5,4900.0-5000.0,100.0,0.0,0.0,0.0
5,5000.0-5100.0,100.0,0.0,0.0,0.0
5,5100.0-5200.0,100.0,0.0,0.0,0.0
5,5200.0-5300.0,100.0,0.0,0.0,0.0
5,5300.0-5400.0,100.0,0.0,0.0,0.0
5,5400.0-5500.0,100.0,0.0,0.0,0.0
5,5500.0-5600.0,100.0,0.0,0.0,0.0
5,5600.0-5700.0,98.0,0.0,0.0,0.0
5,5700.0-5800.0,71.0,0.0,0.0,0.0
5,5800.0-5900.0,100.0,0.0,0.0,0.0
5,5900.0-6000.0,100.0,0.0,0.0,0.0
5,6000.0-6100.0,16.0,0.0,0.0,0.0
6,3100.0-3200.0,0.0,0.0,100.0,0.0
6,3200.0-3300.0,0.0,0.0,100.0,0.0
6,3300.0-3400.0,0.0,0.0,100.0,0.0
6,3400.0-3500.0,0.0,0.0,82.0,0.0
6,3500.0-3600.0,0.0,0.0,100.0,0.0
6,3600.0-3700.0,0.0,0.0,100.0,0.0
6,3700.0-3800.0,0.0,0.0,67.0,0.0
6,3800.0-3900.0,0.0,0.0,78.0,0.0
6,3900.0-4000.0,0.0,0.0,100.0,0.0
6,4000.0-4100.0,0.0,12.0,23.0,0.0
6,4100.0-4200.0,0.0,100.0,0.0,0.0
6,4200.0-4300.0,0.0,100.0,0.0,0.0
6,4300.0-4400.0,0.0,100.0,0.0,0.0
6,4400.0-4500.0,0.0,25.0,0.0,0.0
6,4500.0-4600.0,0.0,0.0,0.0,100.0
6,4600.0-4700.0,8.0,0.0,0.0,46.0
6,4700.0-4800.0,100.0,0.0,0.0,0.0
6,4800.0-4900.0,77.0,0.0,0.0,0.0
6,4900.0-5000.0,100.0,0.0,0.0,0.0
6,5000.0-5100.0,100.0,0.0,0.0,0.0
6,5100.0-5200.0,38.0,0.0,0.0,16.0
6,5200.0-5300.0,0.0,0.0,0.0,89.0
6,5300.0-5400.0,0.0,0.0,0.0,72.0
6,5400.0-5500.0,0.0,0.0,0.0,39.0
6,5500.0-5600.0,0.0,0.0,88.0,0.0
6,5600.0-5700.0,0.0,0.0,26.0,0.0
6,5700.0-5800.0,0.0,0.0,61.0,0.0
6,5800.0-5900.0,0.0,0.0,76.0,0.0
6,5900.0-6000.0,0.0,0.0,100.0,0.0
6,6000.0-6100.0,0.0,0.0,100.0,0.0
6,6100.0-6200.0,0.0,0.0,71.0,0.0
6,6200.0-6300.0,0.0,0.0,62.0,0.0
6,6300.0-6400.0,0.0,68.0,0.0,0.0
6,6400.0-6500.0,0.0,77.0,0.0,0.0
6,6500.0-6600.0,0.0,97.0,0.0,0.0
6,6600.0-6700.0,0.0,83.0,0.0,0.0
6,6700.0-6800.0,0.0,100.0,0.0,0.0
7,0.0-100.0,0.0,0.0,0.0,0.0
7,100.0-200.0,0.0,0.0,0.0,0.0
7,200.0-300.0,0.0,0.0,0.0,0.0
7,300.0-400.0,0.0,0.0,0.0,0.0
7,400.0-500.0,0.0,97.0,0.0,0.0
7,500.0-600.0,0.0,100.0,0.0,0.0
7,600.0-700.0,0.0,100.0,0.0,0.0
7,700.0-800.0,0.0,100.0,0.0,0.0
7,800.0-900.0,0.0,100.0,0.0,0.0
7,900.0-1000.0,0.0,100.0,0.0,0.0
7,1000.0-1100.0,0.0,100.0,0.0,0.0
7,1100.0-1200.0,0.0,100.0,0.0,0.0
7,1200.0-1300.0,0.0,100.0,0.0,0.0
7,1300.0-1400.0,0.0,100.0,0.0,0.0
7,1400.0-1500.0,0.0,100.0,0.0,0.0
7,1500.0-1600.0,0.0,100.0,0.0,0.0
7,1600.0-1700.0,0.0,100.0,0.0,0.0
7,1700.0-1800.0,0.0,63.0,0.0,0.0
7,1800.0-1900.0,0.0,59.0,0.0,0.0
7,1900.0-2000.0,0.0,3.0,0.0,0.0
7,2000.0-2100.0,0.0,100.0,0.0,0.0
7,2100.0-2200.0,0.0,100.0,0.0,0.0
7,2200.0-2300.0,0.0,100.0,0.0,0.0
7,2300.0-2400.0,0.0,57.0,0.0,0.0
7,2500.0-2600.0,0.0,22.0,0.0,0.0
7,2600.0-2700.0,0.0,100.0,0.0,0.0
7,2700.0-2800.0,0.0,100.0,0.0,0.0
7,2800.0-2900.0,0.0,100.0,0.0,0.0
7,2900.0-3000.0,0.0,7.0,0.0,0.0
7,3100.0-3200.0,0.0,24.0,0.0,0.0
7,3200.0-3300.0,0.0,100.0,0.0,0.0
7,3300.0-3400.0,0.0,100.0,0.0,0.0
7,3400.0-3500.0,34.0,5.0,0.0,0.0
7,3500.0-3600.0,100.0,0.0,0.0,0.0
7,3600.0-3700.0,100.0,0.0,0.0,0.0
7,3700.0-3800.0,79.0,0.0,0.0,0.0
7,3800.0-3900.0,100.0,0.0,0.0,0.0
7,3900.0-4000.0,100.0,0.0,0.0,0.0
7,4000.0-4100.0,100.0,0.0,0.0,0.0
7,4100.0-4200.0,100.0,0.0,0.0,0.0
7,4200.0-4300.0,100.0,0.0,0.0,0.0
7,4300.0-4400.0,100.0,0.0,0.0,0.0
7,4400.0-4500.0,35.0,0.0,0.0,0.0
7,4500.0-4600.0,38.0,0.0,0.0,0.0
7,4600.0-4700.0,100.0,0.0,0.0,0.0
7,4700.0-4800.0,100.0,0.0,0.0,0.0
7,4800.0-4900.0,100.0,0.0,0.0,0.0
7,4900.0-5000.0,100.0,0.0,0.0,0.0
7,5000.0-5100.0,100.0,0.0,0.0,0.0
7,5100.0-5200.0,100.0,0.0,0.0,0.0
7,5200.0-5300.0,100.0,0.0,0.0,0.0
7,5300.0-5400.0,100.0,0.0,0.0,0.0
7,5400.0-5500.0,100.0,0.0,0.0,0.0
7,5500.0-5600.0,100.0,0.0,0.0,0.0
7,5600.0-5700.0,13.0,0.0,0.0,0.0
7,5700.0-5800.0,30.0,0.0,0.0,0.0
7,5800.0-5900.0,100.0,0.0,0.0,0.0
7,5900.0-6000.0,100.0,0.0,0.0,0.0
7,6000.0-6100.0,100.0,0.0,0.0,0.0
8,2600.0-2700.0,77.0,0.0,0.0,0.0
8,2700.0-2800.0,6.0,0.0,0.0,0.0
8,2900.0-3000.0,89.0,0.0,0.0,0.0
8,3000.0-3100.0,100.0,0.0,0.0,0.0
8,3100.0-3200.0,76.0,0.0,0.0,0.0
8,3200.0-3300.0,85.0,0.0,0.0,0.0
8,3300.0-3400.0,0.0,0.0,0.0,50.0
8,3500.0-3600.0,0.0,0.0,0.0,75.0
8,3600.0-3700.0,0.0,0.0,0.0,45.0
8,3700.0-3800.0,0.0,69.0,0.0,0.0
8,3800.0-3900.0,0.0,55.0,0.0,0.0
8,3900.0-4000.0,0.0,87.0,0.0,0.0
8,4000.0-4100.0,0.0,57.0,0.0,0.0
8,4100.0-4200.0,0.0,0.0,86.0,0.0
8,4200.0-4300.0,0.0,0.0,76.0,0.0
8,4300.0-4400.0,0.0,0.0,99.0,0.0
8,4400.0-4500.0,19.0,0.0,14.0,0.0
8,4500.0-4600.0,100.0,0.0,0.0,0.0
8,4600.0-4700.0,77.0,0.0,0.0,0.0
8,4700.0-4800.0,100.0,0.0,0.0,0.0
8,4800.0-4900.0,100.0,0.0,0.0,0.0
8,4900.0-5000.0,100.0,0.0,0.0,0.0
8,5000.0-5100.0,100.0,0.0,0.0,0.0
8,5100.0-5200.0,41.0,0.0,0.0,0.0
8,5200.0-5300.0,0.0,76.0,0.0,0.0
8,5300.0-5400.0,0.0,78.0,0.0,0.0
8,5400.0-5500.0,0.0,100.0,0.0,0.0
8,5500.0-5600.0,0.0,100.0,0.0,0.0
9,0.0-100.0,0.0,0.0,0.0,0.0
9,100.0-200.0,0.0,0.0,0.0,0.0
9,200.0-300.0,42.0,0.0,0.0,0.0
9,300.0-400.0,71.0,0.0,0.0,0.0
9,400.0-500.0,0.0,0.0,0.0,0.0
9,500.0-600.0,0.0,0.0,0.0,0.0
9,600.0-700.0,0.0,0.0,49.0,0.0
9,700.0-800.0,0.0,0.0,100.0,0.0
9,800.0-900.0,0.0,0.0,100.0,0.0
9,900.0-1000.0,0.0,0.0,51.0,0.0
9,1000.0-1100.0,0.0,0.0,0.0,0.0
9,1100.0-1200.0,0.0,0.0,0.0,0.0
9,1200.0-1300.0,0.0,0.0,0.0,0.0
9,1400.0-1500.0,51.0,0.0,0.0,0.0
9,1500.0-1600.0,27.0,0.0,0.0,0.0
9,1600.0-1700.0,0.0,0.0,0.0,0.0
9,1700.0-1800.0,0.0,0.0,0.0,0.0
9,1800.0-1900.0,0.0,42.0,0.0,0.0
9,1900.0-2000.0,0.0,100.0,0.0,0.0
9,2000.0-2100.0,0.0,100.0,0.0,0.0
9,2100.0-2200.0,0.0,91.0,0.0,0.0
9,2200.0-2300.0,0.0,99.0,0.0,0.0
9,2300.0-2400.0,0.0,57.0,0.0,0.0
9,2600.0-2700.0,0.0,49.0,0.0,0.0
9,2700.0-2800.0,0.0,100.0,0.0,0.0
9,2800.0-2900.0,0.0,100.0,0.0,0.0
9,2900.0-3000.0,0.0,99.0,0.0,0.0
9,3000.0-3100.0,0.0,61.0,0.0,0.0
9,3100.0-3200.0,0.0,100.0,0.0,0.0
9,3200.0-3300.0,0.0,99.0,0.0,0.0
9,3400.0-3500.0,0.0,0.0,78.0,0.0
9,3500.0-3600.0,0.0,0.0,100.0,0.0
9,3600.0-3700.0,0.0,0.0,100.0,0.0
9,3700.0-3800.0,0.0,0.0,100.0,0.0
9,3800.0-3900.0,0.0,0.0,100.0,0.0
9,3900.0-4000.0,0.0,0.0,100.0,0.0
9,4000.0-4100.0,0.0,0.0,100.0,0.0
9,4100.0-4200.0,0.0,0.0,100.0,0.0
9,4200.0-4300.0,0.0,0.0,77.0,0.0
9,4300.0-4400.0,0.0,0.0,100.0,0.0
9,4400.0-4500.0,53.0,0.0,1.0,0.0
9,4500.0-4600.0,100.0,0.0,0.0,0.0
9,4600.0-4700.0,100.0,0.0,0.0,0.0
9,4700.0-4800.0,89.0,0.0,0.0,0.0
9,4800.0-4900.0,80.0,0.0,0.0,0.0
9,4900.0-5000.0,100.0,0.0,0.0,0.0
9,5000.0-5100.0,100.0,0.0,0.0,0.0
9,5100.0-5200.0,76.0,0.0,0.0,0.0
9,5200.0-5300.0,100.0,0.0,0.0,0.0
9,5300.0-5400.0,100.0,0.0,0.0,0.0
9,5400.0-5500.0,100.0,0.0,0.0,0.0
9,5500.0-5600.0,100.0,0.0,0.0,0.0
9,5600.0-5700.0,100.0,0.0,0.0,0.0
9,5700.0-5800.0,84.0,0.0,0.0,0.0
10,2900.0-3000.0,0.0,0.0,0.0,100.0
10,3000.0-3100.0,47.0,0.0,0.0,9.0
10,3100.0-3200.0,52.0,0.0,0.0,0.0
10,3300.0-3400.0,66.0,0.0,0.0,0.0
10,3400.0-3500.0,88.0,0.0,0.0,0.0
10,3500.0-3600.0,89.0,0.0,0.0,0.0
10,3600.0-3700.0,54.0,0.0,0.0,0.0
10,3700.0-3800.0,0.0,0.0,0.0,77.0
10,3800.0-3900.0,0.0,0.0,0.0,100.0
10,3900.0-4000.0,0.0,0.0,0.0,81.0
10,4000.0-4100.0,0.0,0.0,35.0,0.0
10,4100.0-4200.0,0.0,0.0,78.0,0.0
10,4200.0-4300.0,0.0,0.0,97.0,0.0
10,4300.0-4400.0,0.0,0.0,73.0,0.0
10,4400.0-4500.0,0.0,71.0,0.0,0.0
10,4500.0-4600.0,0.0,100.0,0.0,0.0
10,4600.0-4700.0,0.0,80.0,0.0,0.0
10,4700.0-4800.0,0.0,100.0,0.0,0.0
10,4800.0-4900.0,0.0,65.0,0.0,0.0
10,4900.0-5000.0,0.0,100.0,0.0,0.0
10,5000.0-5100.0,0.0,1.0,0.0,18.0
10,5100.0-5200.0,0.0,0.0,0.0,100.0
10,5200.0-5300.0,0.0,0.0,0.0,79.0
10,5300.0-5400.0,0.0,0.0,0.0,100.0
10,5400.0-5500.0,0.0,0.0,0.0,100.0
10,5500.0-5600.0,0.0,0.0,0.0,100.0
10,5600.0-5700.0,23.0,0.0,0.0,28.0
10,5700.0-5800.0,36.0,0.0,0.0,0.0
10,5800.0-5900.0,9.0,0.0,0.0,0.0
10,5900.0-6000.0,76.0,0.0,0.0,0.0
10,6000.0-6100.0,0.0,0.0,0.0,68.0
10,6100.0-6200.0,0.0,0.0,0.0,99.0
10,6200.0-6300.0,0.0,0.0,0.0,77.0
10,6300.0-6400.0,28.0,0.0,0.0,6.0
11,0.0-100.0,0.0,37.0,0.0,0.0
11,100.0-200.0,0.0,100.0,0.0,0.0
11,200.0-300.0,0.0,100.0,0.0,0.0
11,300.0-400.0,0.0,100.0,0.0,0.0
11,400.0-500.0,0.0,100.0,0.0,0.0
11,500.0-600.0,0.0,100.0,0.0,0.0
11,600.0-700.0,0.0,100.0,0.0,0.0
11,700.0-800.0,0.0,100.0,0.0,0.0
11,800.0-900.0,0.0,100.0,0.0,0.0
11,900.0-1000.0,0.0,37.0,0.0,0.0
11,1000.0-1100.0,0.0,0.0,0.0,0.0
11,1100.0-1200.0,0.0,0.0,0.0,0.0
11,1200.0-1300.0,0.0,0.0,0.0,0.0
11,1300.0-1400.0,0.0,0.0,0.0,0.0
11,1400.0-1500.0,0.0,0.0,0.0,0.0
11,1500.0-1600.0,0.0,0.0,0.0,0.0
11,1600.0-1700.0,0.0,0.0,0.0,0.0
11,1700.0-1800.0,0.0,0.0,0.0,0.0
11,1800.0-1900.0,0.0,1.0,0.0,0.0
11,1900.0-2000.0,0.0,100.0,0.0,0.0
11,2000.0-2100.0,0.0,100.0,0.0,0.0
11,2100.0-2200.0,0.0,100.0,0.0,0.0
11,2200.0-2300.0,0.0,100.0,0.0,0.0
11,2300.0-2400.0,0.0,90.0,0.0,0.0
11,2600.0-2700.0,0.0,0.0,20.0,0.0
11,2700.0-2800.0,0.0,0.0,100.0,0.0
11,2800.0-2900.0,0.0,0.0,39.0,10.0
11,2900.0-3000.0,0.0,0.0,0.0,100.0
11,3000.0-3100.0,0.0,0.0,0.0,100.0
11,3100.0-3200.0,0.0,0.0,0.0,100.0
11,3200.0-3300.0,0.0,15.0,0.0,29.0
11,3300.0-3400.0,0.0,59.0,0.0,0.0
11,3500.0-3600.0,0.0,51.0,0.0,0.0
11,3600.0-3700.0,0.0,100.0,0.0,0.0
11,3700.0-3800.0,0.0,50.0,0.0,0.0
11,3800.0-3900.0,0.0,0.0,96.0,0.0
11,3900.0-4000.0,0.0,0.0,100.0,0.0
11,4000.0-4100.0,0.0,0.0,100.0,0.0
11,4100.0-4200.0,0.0,0.0,69.0,0.0
11,4400.0-4500.0,0.0,0.0,23.0,0.0
11,4500.0-4600.0,0.0,0.0,100.0,0.0
11,4600.0-4700.0,0.0,0.0,100.0,0.0
11,4700.0-4800.0,0.0,0.0,100.0,0.0
11,4800.0-4900.0,0.0,0.0,21.0,0.0
11,5000.0-5100.0,0.0,0.0,97.0,0.0
11,5100.0-5200.0,0.0,0.0,100.0,0.0
11,5200.0-5300.0,0.0,0.0,100.0,0.0
11,5300.0-5400.0,0.0,0.0,100.0,0.0
11,5400.0-5500.0,0.0,0.0,100.0,0.0
11,5500.0-5600.0,0.0,0.0,100.0,0.0
11,5600.0-5700.0,0.0,0.0,100.0,0.0
11,5700.0-5800.0,0.0,0.0,37.0,0.0
11,5800.0-5900.0,98.0,0.0,0.0,0.0
11,5900.0-6000.0,79.0,0.0,0.0,0.0
11,6000.0-6100.0,100.0,0.0,0.0,0.0
12,4400.0-4500.0,100.0,0.0,0.0,0.0
12,4500.0-4600.0,30.0,0.0,0.0,0.0
12,4600.0-4700.0,0.0,100.0,0.0,0.0
12,4700.0-4800.0,0.0,86.0,0.0,0.0
12,4800.0-4900.0,0.0,100.0,0.0,0.0
12,4900.0-5000.0,0.0,67.0,0.0,0.0
12,5000.0-5100.0,0.0,100.0,0.0,0.0
12,5100.0-5200.0,0.0,100.0,0.0,0.0
12,5200.0-5300.0,0.0,100.0,0.0,0.0
12,5300.0-5400.0,0.0,100.0,0.0,0.0
12,5400.0-5500.0,0.0,100.0,0.0,0.0
12,5500.0-5600.0,0.0,100.0,0.0,0.0
12,5600.0-5700.0,0.0,55.0,0.0,0.0
12,5700.0-5800.0,0.0,0.0,0.0,90.0
12,5800.0-5900.0,0.0,0.0,0.0,79.0
12,5900.0-6000.0,0.0,0.0,0.0,100.0
12,6000.0-6100.0,0.0,0.0,0.0,80.0
12,6100.0-6200.0,0.0,0.0,61.0,0.0
12,6200.0-6300.0,0.0,0.0,13.0,0.0
13,0.0-100.0,0.0,0.0,0.0,0.0
13,100.0-200.0,0.0,0.0,0.0,0.0
13,200.0-300.0,0.0,0.0,0.0,0.0
13,300.0-400.0,0.0,0.0,0.0,0.0
13,400.0-500.0,0.0,0.0,0.0,0.0
13,500.0-600.0,0.0,0.0,0.0,0.0
13,600.0-700.0,0.0,0.0,0.0,0.0
13,700.0-800.0,0.0,0.0,0.0,0.0
13,800.0-900.0,0.0,0.0,0.0,0.0
13,900.0-1000.0,0.0,0.0,0.0,0.0
13,1000.0-1100.0,0.0,0.0,0.0,0.0
13,1100.0-1200.0,0.0,0.0,0.0,0.0
13,1200.0-1300.0,0.0,0.0,0.0,0.0
13,1300.0-1400.0,0.0,0.0,0.0,0.0
13,1500.0-1600.0,0.0,0.0,92.0,0.0
13,1600.0-1700.0,0.0,0.0,100.0,0.0
13,1700.0-1800.0,0.0,0.0,18.0,0.0
13,1800.0-1900.0,0.0,0.0,99.0,0.0
13,1900.0-2000.0,0.0,0.0,6.0,0.0
13,2000.0-2100.0,0.0,0.0,0.0,0.0
13,2100.0-2200.0,0.0,0.0,0.0,0.0
13,2200.0-2300.0,0.0,0.0,0.0,0.0
13,2300.0-2400.0,0.0,0.0,70.0,0.0
13,2400.0-2500.0,0.0,0.0,32.0,0.0
13,3200.0-3300.0,0.0,0.0,96.0,0.0
13,3300.0-3400.0,0.0,0.0,91.0,0.0
13,3400.0-3500.0,0.0,0.0,100.0,0.0
13,3500.0-3600.0,0.0,0.0,100.0,0.0
13,3600.0-3700.0,0.0,0.0,76.0,0.0
13,3700.0-3800.0,0.0,0.0,53.0,0.0
13,3900.0-4000.0,0.0,0.0,11.0,0.0
13,4000.0-4100.0,0.0,0.0,43.0,0.0
13,4300.0-4400.0,14.0,0.0,0.0,0.0
13,4400.0-4500.0,87.0,0.0,0.0,0.0
13,4500.0-4600.0,81.0,0.0,0.0,0.0
13,4600.0-4700.0,100.0,0.0,0.0,0.0
13,4700.0-4800.0,80.0,0.0,0.0,0.0
13,4800.0-4900.0,100.0,0.0,0.0,0.0
13,4900.0-5000.0,100.0,0.0,0.0,0.0
13,5000.0-5100.0,100.0,0.0,0.0,0.0
13,5100.0-5200.0,100.0,0.0,0.0,0.0
13,5200.0-5300.0,62.0,0.0,0.0,0.0
13,5300.0-5400.0,0.0,0.0,0.0,78.0
13,5400.0-5500.0,0.0,0.0,0.0,100.0
13,5500.0-5600.0,0.0,0.0,0.0,100.0
13,5600.0-5700.0,0.0,0.0,0.0,75.0
13,5700.0-5800.0,0.0,0.0,0.0,39.0
13,5800.0-5900.0,96.0,0.0,0.0,0.0
13,5900.0-6000.0,100.0,0.0,0.0,0.0
14,3200.0-3300.0,100.0,0.0,0.0,0.0
14,3300.0-3400.0,66.0,0.0,0.0,0.0
14,3400.0-3500.0,32.0,0.0,0.0,0.0
14,3500.0-3600.0,41.0,0.0,0.0,0.0
14,3600.0-3700.0,51.0,4.0,0.0,0.0
14,3700.0-3800.0,0.0,100.0,0.0,0.0
14,3800.0-3900.0,0.0,100.0,0.0,0.0
14,3900.0-4000.0,0.0,100.0,0.0,0.0
14,4000.0-4100.0,0.0,37.0,0.0,0.0
14,4100.0-4200.0,0.0,66.0,0.0,0.0
14,4200.0-4300.0,0.0,0.0,0.0,92.0
14,4300.0-4400.0,0.0,0.0,40.0,0.0
14,4400.0-4500.0,0.0,0.0,100.0,0.0
14,4500.0-4600.0,0.0,0.0,100.0,0.0
14,4600.0-4700.0,0.0,0.0,100.0,0.0
14,4700.0-4800.0,0.0,0.0,76.0,0.0
14,4800.0-4900.0,0.0,0.0,93.0,0.0
14,4900.0-5000.0,0.0,0.0,74.0,0.0
14,5000.0-5100.0,0.0,0.0,100.0,0.0
14,5100.0-5200.0,0.0,0.0,88.0,0.0
14,5200.0-5300.0,0.0,0.0,100.0,0.0
14,5300.0-5400.0,0.0,0.0,16.0,0.0
14,5400.0-5500.0,19.0,0.0,0.0,0.0
14,5500.0-5600.0,100.0,0.0,0.0,0.0
14,5600.0-5700.0,100.0,0.0,0.0,0.0
15,2800.0-2900.0,0.0,0.0,0.0,79.0
15,2900.0-3000.0,0.0,0.0,0.0,100.0
15,3000.0-3100.0,0.0,0.0,23.0,22.0
15,3100.0-3200.0,0.0,0.0,100.0,0.0
15,3200.0-3300.0,0.0,0.0,82.0,0.0
15,3300.0-3400.0,0.0,0.0,100.0,0.0
15,3400.0-3500.0,0.0,0.0,15.0,0.0
15,3500.0-3600.0,54.0,0.0,0.0,0.0
15,3700.0-3800.0,67.0,0.0,0.0,0.0
15,3800.0-3900.0,66.0,0.0,0.0,0.0
15,3900.0-4000.0,0.0,67.0,0.0,0.0
15,4000.0-4100.0,0.0,72.0,0.0,0.0
15,4100.0-4200.0,0.0,100.0,0.0,0.0
15,4200.0-4300.0,0.0,19.0,0.0,0.0
15,4300.0-4400.0,0.0,0.0,0.0,97.0
15,4400.0-4500.0,0.0,0.0,0.0,73.0
15,4500.0-4600.0,0.0,0.0,4.0,42.0
15,4600.0-4700.0,0.0,0.0,100.0,0.0
15,4700.0-4800.0,0.0,0.0,87.0,0.0
15,4800.0-4900.0,0.0,0.0,100.0,0.0
15,4900.0-5000.0,0.0,0.0,62.0,0.0
15,5000.0-5100.0,0.0,0.0,51.0,0.0
15,5100.0-5200.0,81.0,0.0,0.0,0.0
15,5200.0-5300.0,80.0,0.0,0.0,0.0
15,5300.0-5400.0,54.0,0.0,0.0,0.0
15,5500.0-5600.0,90.0,0.0,0.0,0.0
15,5600.0-5700.0,75.0,0.0,0.0,0.0
15,5700.0-5800.0,100.0,0.0,0.0,0.0
15,5800.0-5900.0,90.0,0.0,0.0,0.0
15,5900.0-6000.0,100.0,0.0,0.0,0.0
15,6000.0-6100.0,100.0,0.0,0.0,0.0
15,6100.0-6200.0,100.0,0.0,0.0,0.0
15,6200.0-6300.0,89.0,0.0,0.0,0.0
16,0.0-100.0,0.0,0.0,0.0,0.0
16,100.0-200.0,100.0,0.0,0.0,0.0
16,200.0-300.0,100.0,0.0,0.0,0.0
16,300.0-400.0,100.0,0.0,0.0,0.0
16,400.0-500.0,100.0,0.0,0.0,0.0
16,500.0-600.0,100.0,0.0,0.0,0.0
16,600.0-700.0,100.0,0.0,0.0,0.0
16,700.0-800.0,100.0,0.0,0.0,0.0
16,800.0-900.0,97.0,0.0,0.0,0.0
16,1000.0-1100.0,0.0,0.0,0.0,0.0
16,1100.0-1200.0,0.0,0.0,0.0,0.0
16,1200.0-1300.0,0.0,0.0,0.0,0.0
16,1300.0-1400.0,0.0,0.0,0.0,0.0
16,1400.0-1500.0,0.0,0.0,0.0,0.0
16,1500.0-1600.0,0.0,0.0,0.0,0.0
16,1600.0-1700.0,0.0,0.0,0.0,0.0
16,1700.0-1800.0,0.0,0.0,0.0,0.0
16,1800.0-1900.0,5.0,0.0,0.0,0.0
16,1900.0-2000.0,100.0,0.0,0.0,0.0
16,2000.0-2100.0,100.0,0.0,0.0,0.0
16,2100.0-2200.0,100.0,0.0,0.0,0.0
16,2200.0-2300.0,100.0,0.0,0.0,0.0
16,2300.0-2400.0,100.0,0.0,0.0,0.0
16,2400.0-2500.0,100.0,0.0,0.0,0.0
16,2500.0-2600.0,75.0,0.0,0.0,0.0
16,2600.0-2700.0,0.0,0.0,0.0,83.0
16,2700.0-2800.0,0.0,0.0,0.0,100.0
16,2800.0-2900.0,0.0,0.0,0.0,85.0
16,2900.0-3000.0,60.0,0.0,0.0,0.0
16,3000.0-3100.0,100.0,0.0,0.0,0.0
16,3100.0-3200.0,100.0,0.0,0.0,0.0
16,3200.0-3300.0,100.0,0.0,0.0,0.0
16,3300.0-3400.0,87.0,0.0,0.0,0.0
16,3500.0-3600.0,63.0,0.0,0.0,0.0
16,3600.0-3700.0,100.0,0.0,0.0,0.0
16,3700.0-3800.0,100.0,0.0,0.0,0.0
16,3800.0-3900.0,100.0,0.0,0.0,0.0
16,3900.0-4000.0,73.0,0.0,0.0,0.0
16,4200.0-4300.0,0.0,0.0,0.0,52.0
16,4300.0-4400.0,0.0,0.0,0.0,42.0
16,4400.0-4500.0,99.0,0.0,0.0,0.0
16,4500.0-4600.0,100.0,0.0,0.0,0.0
16,4600.0-4700.0,100.0,0.0,0.0,0.0
16,4700.0-4800.0,100.0,0.0,0.0,0.0
16,4800.0-4900.0,100.0,0.0,0.0,0.0
16,4900.0-5000.0,100.0,0.0,0.0,0.0
16,5000.0-5100.0,100.0,0.0,0.0,0.0
16,5100.0-5200.0,100.0,0.0,0.0,0.0
16,5200.0-5300.0,100.0,0.0,0.0,0.0
16,5300.0-5400.0,100.0,0.0,0.0,0.0
16,5400.0-5500.0,100.0,0.0,0.0,0.0
16,5500.0-5600.0,100.0,0.0,0.0,0.0
16,5600.0-5700.0,100.0,0.0,0.0,0.0
17,2600.0-2700.0,0.0,19.0,0.0,0.0
17,2700.0-2800.0,0.0,100.0,0.0,0.0
17,2800.0-2900.0,0.0,80.0,0.0,0.0
17,2900.0-3000.0,0.0,100.0,0.0,0.0
17,3000.0-3100.0,0.0,100.0,0.0,0.0
17,3100.0-3200.0,0.0,74.0,0.0,0.0
17,3200.0-3300.0,0.0,100.0,0.0,0.0
17,3300.0-3400.0,0.0,69.0,0.0,0.0
17,3400.0-3500.0,0.0,82.0,0.0,0.0
17,3600.0-3700.0,0.0,0.0,0.0,0.0
17,3700.0-3800.0,0.0,0.0,0.0,0.0
17,3800.0-3900.0,0.0,54.0,0.0,0.0
17,3900.0-4000.0,0.0,65.0,0.0,0.0
17,4000.0-4100.0,0.0,0.0,66.0,0.0
17,4100.0-4200.0,0.0,0.0,85.0,0.0
17,4200.0-4300.0,0.0,0.0,0.0,35.0
17,4300.0-4400.0,0.0,0.0,0.0,100.0
17,4400.0-4500.0,21.0,0.0,0.0,19.0
17,4500.0-4600.0,100.0,0.0,0.0,0.0
17,4600.0-4700.0,75.0,0.0,0.0,0.0
17,4700.0-4800.0,43.0,0.0,0.0,0.0
17,5000.0-5100.0,83.0,0.0,0.0,0.0
17,5100.0-5200.0,100.0,0.0,0.0,0.0
17,5200.0-5300.0,77.0,0.0,0.0,0.0
17,5300.0-5400.0,100.0,0.0,0.0,0.0
17,5400.0-5500.0,97.0,0.0,0.0,0.0
17,5500.0-5600.0,81.0,0.0,0.0,0.0
17,5600.0-5700.0,96.0,0.0,0.0,0.0
17,5700.0-5800.0,0.0,0.0,48.0,0.0
18,0.0-100.0,0.0,0.0,0.0,93.0
18,100.0-200.0,0.0,0.0,0.0,100.0
18,200.0-300.0,0.0,0.0,0.0,100.0
18,300.0-400.0,0.0,0.0,0.0,100.0
18,400.0-500.0,0.0,0.0,0.0,100.0
18,500.0-600.0,0.0,0.0,0.0,100.0
18,600.0-700.0,0.0,0.0,0.0,100.0
18,700.0-800.0,0.0,0.0,0.0,100.0
18,800.0-900.0,0.0,0.0,0.0,100.0
18,900.0-1000.0,0.0,0.0,0.0,57.0
18,1000.0-1100.0,0.0,0.0,0.0,0.0
18,1100.0-1200.0,0.0,0.0,0.0,0.0
18,1200.0-1300.0,0.0,0.0,0.0,0.0
18,1300.0-1400.0,0.0,0.0,0.0,0.0
18,1400.0-1500.0,0.0,0.0,0.0,0.0
18,1500.0-1600.0,0.0,0.0,0.0,0.0
18,1600.0-1700.0,0.0,0.0,0.0,20.0
18,1700.0-1800.0,0.0,0.0,0.0,100.0
18,1800.0-1900.0,0.0,0.0,0.0,100.0
18,1900.0-2000.0,0.0,0.0,0.0,100.0
18,2000.0-2100.0,0.0,0.0,0.0,100.0
18,2100.0-2200.0,0.0,0.0,0.0,65.0
18,2200.0-2300.0,0.0,0.0,0.0,0.0
18,2500.0-2600.0,0.0,0.0,79.0,0.0
18,2600.0-2700.0,0.0,0.0,97.0,0.0
18,2700.0-2800.0,0.0,0.0,0.0,58.0
18,2800.0-2900.0,0.0,0.0,0.0,100.0
18,2900.0-3000.0,0.0,0.0,0.0,100.0
18,3000.0-3100.0,0.0,0.0,0.0,100.0
18,3100.0-3200.0,0.0,0.0,0.0,100.0
18,3200.0-3300.0,0.0,0.0,0.0,100.0
18,3300.0-3400.0,0.0,0.0,0.0,94.0
18,3400.0-3500.0,0.0,0.0,56.0,0.0
18,3500.0-3600.0,0.0,0.0,100.0,0.0
18,3600.0-3700.0,0.0,0.0,59.0,0.0
18,3700.0-3800.0,0.0,0.0,100.0,0.0
18,3800.0-3900.0,0.0,0.0,100.0,0.0
18,3900.0-4000.0,0.0,0.0,100.0,0.0
18,4000.0-4100.0,0.0,0.0,100.0,0.0
18,4100.0-4200.0,0.0,0.0,100.0,0.0
18,4200.0-4300.0,0.0,0.0,67.0,0.0
18,4300.0-4400.0,0.0,0.0,100.0,0.0
18,4400.0-4500.0,0.0,0.0,71.0,0.0
18,4500.0-4600.0,67.0,0.0,0.0,0.0
18,4600.0-4700.0,100.0,0.0,0.0,0.0
18,4700.0-4800.0,100.0,0.0,0.0,0.0
18,4800.0-4900.0,100.0,0.0,0.0,0.0
18,4900.0-5000.0,100.0,0.0,0.0,0.0
18,5000.0-5100.0,98.0,0.0,0.0,0.0
18,5100.0-5200.0,69.0,0.0,0.0,0.0
18,5200.0-5300.0,100.0,0.0,0.0,0.0
18,5300.0-5400.0,100.0,0.0,0.0,0.0
18,5400.0-5500.0,53.0,0.0,0.0,0.0
18,5600.0-5700.0,60.0,0.0,0.0,0.0
18,5700.0-5800.0,100.0,0.0,0.0,0.0
18,5800.0-5900.0,100.0,0.0,0.0,0.0
18,5900.0-6000.0,100.0,0.0,0.0,0.0
19,2700.0-2800.0,0.0,0.0,0.0,100.0
19,2800.0-2900.0,0.0,0.0,0.0,100.0
19,2900.0-3000.0,0.0,0.0,0.0,50.0
19,3200.0-3300.0,0.0,50.0,0.0,0.0
19,3300.0-3400.0,0.0,81.0,0.0,0.0
19,3400.0-3500.0,0.0,94.0,0.0,0.0
19,3500.0-3600.0,0.0,70.0,0.0,0.0
19,3600.0-3700.0,65.0,0.0,0.0,0.0
19,3700.0-3800.0,100.0,0.0,0.0,0.0
19,3800.0-3900.0,69.0,0.0,0.0,0.0
19,3900.0-4000.0,100.0,0.0,0.0,0.0
19,4000.0-4100.0,1.0,0.0,17.0,0.0
19,4100.0-4200.0,0.0,0.0,100.0,0.0
19,4200.0-4300.0,0.0,0.0,77.0,0.0
19,4300.0-4400.0,0.0,0.0,42.0,0.0
19,4400.0-4500.0,0.0,0.0,0.0,1.0
19,4500.0-4600.0,0.0,0.0,0.0,100.0
19,4600.0-4700.0,0.0,0.0,0.0,78.0
19,4700.0-4800.0,0.0,0.0,0.0,100.0
19,4800.0-4900.0,0.0,0.0,0.0,100.0
19,4900.0-5000.0,0.0,0.0,0.0,46.0
19,5000.0-5100.0,0.0,0.0,98.0,0.0
19,5100.0-5200.0,0.0,0.0,100.0,0.0
19,5200.0-5300.0,0.0,0.0,83.0,0.0
19,5300.0-5400.0,0.0,0.0,100.0,0.0
19,5400.0-5500.0,0.0,0.0,65.0,0.0
19,5500.0-5600.0,0.0,80.0,0.0,0.0
19,5600.0-5700.0,0.0,100.0,0.0,0.0
19,5700.0-5800.0,0.0,70.0,0.0,0.0
19,5800.0-5900.0,0.0,100.0,0.0,0.0
19,5900.0-6000.0,43.0,4.0,0.0,0.0
20,0.0-100.0,0.0,0.0,0.0,0.0
20,100.0-200.0,0.0,0.0,0.0,0.0
20,200.0-300.0,0.0,0.0,0.0,0.0
20,300.0-400.0,0.0,0.0,0.0,0.0
20,400.0-500.0,0.0,0.0,0.0,0.0
20,500.0-600.0,0.0,0.0,0.0,0.0
20,600.0-700.0,0.0,0.0,0.0,0.0
20,700.0-800.0,0.0,0.0,0.0,0.0
20,800.0-900.0,0.0,0.0,0.0,0.0
20,900.0-1000.0,0.0,0.0,0.0,0.0
20,1000.0-1100.0,0.0,0.0,0.0,0.0
20,1100.0-1200.0,0.0,0.0,0.0,0.0
20,1200.0-1300.0,0.0,0.0,0.0,0.0
20,1600.0-1700.0,0.0,0.0,0.0,0.0
20,1700.0-1800.0,0.0,0.0,0.0,0.0
20,1800.0-1900.0,0.0,0.0,0.0,0.0
20,1900.0-2000.0,0.0,0.0,0.0,0.0
20,2000.0-2100.0,0.0,0.0,0.0,0.0
20,2100.0-2200.0,0.0,0.0,0.0,0.0
20,2200.0-2300.0,0.0,0.0,0.0,0.0
20,2300.0-2400.0,0.0,0.0,0.0,0.0
20,2400.0-2500.0,88.0,0.0,0.0,0.0
20,2500.0-2600.0,100.0,0.0,0.0,0.0
20,2600.0-2700.0,100.0,0.0,0.0,0.0
20,2700.0-2800.0,100.0,0.0,0.0,0.0
20,2800.0-2900.0,100.0,0.0,0.0,0.0
20,2900.0-3000.0,100.0,0.0,0.0,0.0
20,3000.0-3100.0,100.0,0.0,0.0,0.0
20,3100.0-3200.0,100.0,0.0,0.0,0.0
20,3200.0-3300.0,100.0,0.0,0.0,0.0
20,3300.0-3400.0,100.0,0.0,0.0,0.0
20,3400.0-3500.0,100.0,0.0,0.0,0.0
20,3500.0-3600.0,100.0,0.0,0.0,0.0
20,3600.0-3700.0,100.0,0.0,0.0,0.0
20,3700.0-3800.0,100.0,0.0,0.0,0.0
20,3800.0-3900.0,100.0,0.0,0.0,0.0
20,3900.0-4000.0,100.0,0.0,0.0,0.0
20,4000.0-4100.0,73.0,0.0,0.0,0.0
20,4500.0-4600.0,39.0,0.0,0.0,0.0
20,4600.0-4700.0,100.0,0.0,0.0,0.0
20,4700.0-4800.0,100.0,0.0,0.0,0.0
20,4800.0-4900.0,100.0,0.0,0.0,0.0
20,4900.0-5000.0,100.0,0.0,0.0,0.0
20,5000.0-5100.0,61.0,0.0,0.0,0.0
20,5100.0-5200.0,100.0,0.0,0.0,0.0
20,5200.0-5300.0,100.0,0.0,0.0,0.0
20,5300.0-5400.0,64.0,0.0,0.0,0.0
20,5500.0-5600.0,90.0,0.0,0.0,0.0
20,5600.0-5700.0,100.0,0.0,0.0,0.0
20,5700.0-5800.0,100.0,0.0,0.0,0.0
20,5800.0-5900.0,100.0,0.0,0.0,0.0
20,5900.0-6000.0,100.0,0.0,0.0,0.0
20,6000.0-6100.0,100.0,0.0,0.0,0.0
20,6100.0-6200.0,100.0,0.0,0.0,0.0
20,6200.0-6300.0,100.0,0.0,0.0,0.0
20,6300.0-6400.0,7.0,0.0,0.0,0.0
21,4500.0-4600.0,0.0,93.0,0.0,0.0
21,4600.0-4700.0,0.0,0.0,0.0,39.0
21,4700.0-4800.0,0.0,0.0,0.0,52.0
21,4800.0-4900.0,97.0,0.0,0.0,0.0
21,4900.0-5000.0,78.0,0.0,0.0,0.0
21,5000.0-5100.0,57.0,0.0,0.0,0.0
21,5100.0-5200.0,0.0,0.0,38.0,0.0
21,5200.0-5300.0,0.0,0.0,100.0,0.0
21,5300.0-5400.0,0.0,0.0,100.0,0.0
21,5400.0-5500.0,29.0,0.0,16.0,0.0
21,5500.0-5600.0,100.0,0.0,0.0,0.0
22,2800.0-2900.0,0.0,0.0,0.0,0.0
22,2900.0-3000.0,0.0,0.0,0.0,0.0
22,3000.0-3100.0,0.0,0.0,0.0,48.0
22,3100.0-3200.0,0.0,0.0,0.0,100.0
22,3200.0-3300.0,0.0,0.0,0.0,91.0
22,3300.0-3400.0,0.0,0.0,0.0,87.0
22,3400.0-3500.0,0.0,0.0,0.0,97.0
22,3500.0-3600.0,0.0,0.0,0.0,77.0
22,3600.0-3700.0,0.0,0.0,0.0,91.0
22,3700.0-3800.0,0.0,0.0,0.0,100.0
22,3800.0-3900.0,0.0,0.0,0.0,73.0
22,3900.0-4000.0,78.0,0.0,0.0,0.0
22,4000.0-4100.0,82.0,0.0,0.0,0.0
22,4100.0-4200.0,100.0,0.0,0.0,0.0
22,4200.0-4300.0,100.0,0.0,0.0,0.0
22,4300.0-4400.0,100.0,0.0,0.0,0.0
22,4400.0-4500.0,48.0,0.0,0.0,0.0
22,4500.0-4600.0,0.0,77.0,0.0,0.0
22,4600.0-4700.0,0.0,75.0,0.0,0.0
22,4700.0-4800.0,0.0,0.0,80.0,0.0
22,4800.0-4900.0,0.0,0.0,100.0,0.0
22,4900.0-5000.0,0.0,0.0,92.0,0.0
22,5000.0-5100.0,0.0,0.0,76.0,0.0
22,5100.0-5200.0,81.0,0.0,0.0,0.0
22,5200.0-5300.0,100.0,0.0,0.0,0.0
22,5300.0-5400.0,77.0,0.0,0.0,0.0
22,5400.0-5500.0,100.0,0.0,0.0,0.0
22,5500.0-5600.0,84.0,0.0,0.0,0.0
22,5600.0-5700.0,100.0,0.0,0.0,0.0
22,5700.0-5800.0,100.0,0.0,0.0,0.0
22,5800.0-5900.0,54.0,0.0,0.0,0.0
22,5900.0-6000.0,0.0,0.0,73.0,0.0
22,6000.0-6100.0,0.0,0.0,100.0,0.0
22,6100.0-6200.0,0.0,18.0,25.0,0.0
22,6200.0-6300.0,0.0,100.0,0.0,0.0
22,6300.0-6400.0,0.0,72.0,0.0,0.0
23,0.0-100.0,0.0,0.0,0.0,0.0
23,100.0-200.0,0.0,0.0,0.0,0.0
23,200.0-300.0,0.0,0.0,0.0,0.0
23,300.0-400.0,0.0,0.0,0.0,0.0
23,400.0-500.0,0.0,0.0,0.0,0.0
23,500.0-600.0,0.0,0.0,0.0,52.0
23,600.0-700.0,0.0,0.0,0.0,100.0
23,700.0-800.0,0.0,0.0,0.0,100.0
23,800.0-900.0,0.0,0.0,0.0,100.0
23,900.0-1000.0,0.0,0.0,0.0,100.0
23,1000.0-1100.0,0.0,0.0,0.0,100.0
23,1100.0-1200.0,0.0,0.0,0.0,68.0
23,1200.0-1300.0,0.0,0.0,0.0,0.0
23,1300.0-1400.0,0.0,0.0,0.0,0.0
23,1400.0-1500.0,0.0,0.0,0.0,0.0
23,1500.0-1600.0,0.0,0.0,0.0,0.0
23,1600.0-1700.0,0.0,0.0,0.0,0.0
23,1700.0-1800.0,0.0,0.0,0.0,0.0
23,1800.0-1900.0,0.0,0.0,0.0,0.0
23,1900.0-2000.0,0.0,0.0,0.0,82.0
23,2100.0-2200.0,0.0,0.0,0.0,53.0
23,2200.0-2300.0,0.0,0.0,0.0,30.0
23,2300.0-2400.0,0.0,0.0,0.0,0.0
23,2400.0-2500.0,0.0,0.0,0.0,0.0
23,2500.0-2600.0,0.0,0.0,0.0,64.0
23,2600.0-2700.0,0.0,0.0,0.0,100.0
23,2700.0-2800.0,0.0,0.0,0.0,100.0
23,2800.0-2900.0,0.0,0.0,0.0,100.0
23,2900.0-3000.0,0.0,0.0,0.0,100.0
23,3000.0-3100.0,0.0,0.0,0.0,100.0
23,3100.0-3200.0,0.0,0.0,0.0,100.0
23,3200.0-3300.0,0.0,0.0,0.0,100.0
23,3300.0-3400.0,0.0,0.0,0.0,100.0
23,3400.0-3500.0,0.0,0.0,0.0,100.0
23,3500.0-3600.0,0.0,0.0,0.0,100.0
23,3600.0-3700.0,0.0,0.0,0.0,100.0
23,3700.0-3800.0,0.0,0.0,0.0,100.0
23,3800.0-3900.0,0.0,0.0,0.0,100.0
23,3900.0-4000.0,0.0,0.0,0.0,72.0
23,4000.0-4100.0,0.0,0.0,64.0,0.0
23,4100.0-4200.0,0.0,0.0,13.0,0.0
23,4400.0-4500.0,0.0,0.0,56.0,0.0
23,4500.0-4600.0,0.0,0.0,100.0,0.0
23,4600.0-4700.0,0.0,0.0,100.0,0.0
23,4700.0-4800.0,0.0,0.0,100.0,0.0
23,4800.0-4900.0,0.0,0.0,77.0,0.0
23,4900.0-5000.0,37.0,0.0,0.0,0.0
23,5000.0-5100.0,100.0,0.0,0.0,0.0
23,5100.0-5200.0,100.0,0.0,0.0,0.0
23,5200.0-5300.0,100.0,0.0,0.0,0.0
23,5300.0-5400.0,100.0,0.0,0.0,0.0
23,5400.0-5500.0,100.0,0.0,0.0,0.0
23,5500.0-5600.0,100.0,0.0,0.0,0.0
23,5600.0-5700.0,77.0,0.0,0.0,0.0
23,5700.0-5800.0,97.0,0.0,0.0,0.0
23,5800.0-5900.0,100.0,0.0,0.0,0.0
23,5900.0-6000.0,100.0,0.0,0.0,0.0
23,6000.0-6100.0,100.0,0.0,0.0,0.0
24,4700.0-4800.0,0.0,53.0,0.0,0.0
24,4800.0-4900.0,42.0,0.0,0.0,0.0
24,4900.0-5000.0,100.0,0.0,0.0,0.0
24,5000.0-5100.0,79.0,0.0,0.0,0.0
24,5100.0-5200.0,100.0,0.0,0.0,0.0
24,5200.0-5300.0,100.0,0.0,0.0,0.0
24,5300.0-5400.0,81.0,0.0,0.0,0.0
24,5400.0-5500.0,100.0,0.0,0.0,0.0
24,5500.0-5600.0,60.0,0.0,0.0,0.0
24,5600.0-5700.0,71.0,0.0,0.0,0.0
24,5700.0-5800.0,0.0,0.0,0.0,81.0
24,5800.0-5900.0,0.0,0.0,0.0,100.0
24,5900.0-6000.0,0.0,0.0,0.0,100.0
24,6000.0-6100.0,0.0,0.0,0.0,63.0
25,2700.0-2800.0,87.0,0.0,0.0,0.0
25,2900.0-3000.0,0.0,0.0,0.0,65.0
25,3000.0-3100.0,0.0,0.0,0.0,100.0
25,3100.0-3200.0,0.0,0.0,0.0,79.0
25,3200.0-3300.0,0.0,0.0,0.0,100.0
25,3300.0-3400.0,0.0,0.0,0.0,83.0
25,3400.0-3500.0,0.0,0.0,0.0,91.0
25,3500.0-3600.0,0.0,0.0,0.0,49.0
25,4300.0-4400.0,0.0,0.0,0.0,35.0
25,4400.0-4500.0,0.0,0.0,0.0,100.0
25,4500.0-4600.0,0.0,0.0,0.0,100.0
25,4600.0-4700.0,0.0,0.0,0.0,100.0
25,4700.0-4800.0,0.0,0.0,0.0,60.0
25,4800.0-4900.0,0.0,91.0,0.0,0.0
25,4900.0-5000.0,0.0,100.0,0.0,0.0
25,5000.0-5100.0,0.0,100.0,0.0,0.0
25,5100.0-5200.0,0.0,34.0,1.0,0.0
25,5200.0-5300.0,0.0,0.0,100.0,0.0
25,5300.0-5400.0,0.0,0.0,75.0,0.0
25,5400.0-5500.0,0.0,0.0,100.0,0.0
25,5500.0-5600.0,0.0,0.0,91.0,0.0
25,5600.0-5700.0,59.0,0.0,0.0,0.0
25,5700.0-5800.0,100.0,0.0,0.0,0.0
25,5800.0-5900.0,53.0,0.0,0.0,0.0
25,6000.0-6100.0,0.0,18.0,0.0,0.0
25,6100.0-6200.0,0.0,100.0,0.0,0.0
25,6200.0-6300.0,0.0,80.0,0.0,0.0
25,6300.0-6400.0,0.0,0.0,0.0,75.0
26,2500.0-2600.0,0.0,0.0,48.0,3.0
26,2600.0-2700.0,0.0,0.0,0.0,100.0
26,2700.0-2800.0,0.0,0.0,0.0,100.0
26,2800.0-2900.0,0.0,0.0,0.0,100.0
26,2900.0-3000.0,0.0,0.0,0.0,100.0
26,3000.0-3100.0,0.0,0.0,17.0,28.0
26,3100.0-3200.0,0.0,0.0,100.0,0.0
26,3200.0-3300.0,0.0,0.0,39.0,0.0
26,3300.0-3400.0,0.0,18.0,0.0,0.0
26,3400.0-3500.0,0.0,100.0,0.0,0.0
26,3500.0-3600.0,0.0,71.0,0.0,0.0
26,3600.0-3700.0,0.0,100.0,0.0,0.0
26,3700.0-3800.0,33.0,7.0,0.0,0.0
26,3800.0-3900.0,100.0,0.0,0.0,0.0
26,3900.0-4000.0,70.0,0.0,0.0,0.0
26,4000.0-4100.0,91.0,0.0,0.0,0.0
26,4200.0-4300.0,0.0,0.0,34.0,0.0
26,4300.0-4400.0,0.0,0.0,100.0,0.0
26,4400.0-4500.0,0.0,0.0,85.0,0.0
26,4500.0-4600.0,0.0,0.0,26.0,0.0
26,4700.0-4800.0,0.0,0.0,0.0,70.0
26,4800.0-4900.0,0.0,0.0,0.0,100.0
26,4900.0-5000.0,0.0,0.0,0.0,26.0
26,5000.0-5100.0,91.0,0.0,0.0,0.0
26,5100.0-5200.0,93.0,0.0,0.0,0.0
26,5200.0-5300.0,84.0,0.0,0.0,0.0
26,5300.0-5400.0,11.0,30.0,0.0,0.0
26,5400.0-5500.0,0.0,100.0,0.0,0.0
26,5500.0-5600.0,0.0,100.0,0.0,0.0
26,5600.0-5700.0,0.0,83.0,0.0,0.0
26,5700.0-5800.0,0.0,49.0,0.0,0.0
26,5800.0-5900.0,0.0,0.0,0.0,84.0
26,5900.0-6000.0,0.0,0.0,0.0,75.0
26,6000.0-6100.0,35.0,0.0,0.0,0.0
27,0.0-100.0,0.0,0.0,0.0,0.0
27,100.0-200.0,0.0,0.0,0.0,0.0
27,200.0-300.0,0.0,0.0,0.0,0.0
27,300.0-400.0,0.0,0.0,0.0,0.0
27,400.0-500.0,0.0,0.0,0.0,31.0
27,500.0-600.0,0.0,0.0,0.0,100.0
27,600.0-700.0,0.0,0.0,0.0,100.0
27,700.0-800.0,0.0,0.0,0.0,100.0
27,800.0-900.0,0.0,0.0,0.0,100.0
27,900.0-1000.0,0.0,0.0,0.0,100.0
27,1000.0-1100.0,0.0,0.0,0.0,100.0
27,1100.0-1200.0,0.0,0.0,0.0,100.0
27,1200.0-1300.0,0.0,0.0,0.0,100.0
27,1300.0-1400.0,0.0,0.0,0.0,100.0
27,1400.0-1500.0,0.0,0.0,0.0,100.0
27,1500.0-1600.0,0.0,0.0,0.0,100.0
27,1600.0-1700.0,0.0,0.0,0.0,100.0
27,1700.0-1800.0,0.0,0.0,0.0,100.0
27,1800.0-1900.0,0.0,0.0,0.0,100.0
27,1900.0-2000.0,0.0,0.0,0.0,100.0
27,2000.0-2100.0,0.0,0.0,0.0,100.0
27,2100.0-2200.0,0.0,0.0,0.0,42.0
27,2400.0-2500.0,0.0,0.0,73.0,0.0
27,2500.0-2600.0,0.0,0.0,95.0,0.0
27,2600.0-2700.0,0.0,0.0,0.0,51.0
27,2700.0-2800.0,0.0,0.0,0.0,100.0
27,2800.0-2900.0,0.0,0.0,0.0,100.0
27,2900.0-3000.0,0.0,0.0,0.0,100.0
27,3000.0-3100.0,0.0,0.0,0.0,77.0
27,3100.0-3200.0,0.0,0.0,0.0,100.0
27,3200.0-3300.0,0.0,0.0,0.0,100.0
27,3300.0-3400.0,0.0,0.0,0.0,100.0
27,3400.0-3500.0,0.0,0.0,0.0,100.0
27,3500.0-3600.0,0.0,0.0,0.0,100.0
27,3600.0-3700.0,0.0,0.0,0.0,74.0
27,3700.0-3800.0,0.0,0.0,68.0,0.0
27,3800.0-3900.0,0.0,0.0,100.0,0.0
27,3900.0-4000.0,0.0,0.0,100.0,0.0
27,4000.0-4100.0,0.0,0.0,100.0,0.0
27,4100.0-4200.0,0.0,0.0,64.0,0.0
27,4200.0-4300.0,0.0,0.0,100.0,0.0
27,4300.0-4400.0,0.0,0.0,100.0,0.0
27,4400.0-4500.0,0.0,0.0,71.0,0.0
27,4500.0-4600.0,0.0,0.0,59.0,0.0
27,4600.0-4700.0,87.0,0.0,0.0,0.0
27,4700.0-4800.0,100.0,0.0,0.0,0.0
27,4800.0-4900.0,100.0,0.0,0.0,0.0
27,4900.0-5000.0,3.0,0.0,0.0,0.0
27,5100.0-5200.0,87.0,0.0,0.0,0.0
27,5200.0-5300.0,100.0,0.0,0.0,0.0
27,5300.0-5400.0,100.0,0.0,0.0,0.0
27,5400.0-5500.0,100.0,0.0,0.0,0.0
27,5500.0-5600.0,100.0,0.0,0.0,0.0
27,5600.0-5700.0,100.0,0.0,0.0,0.0
27,5700.0-5800.0,100.0,0.0,0.0,0.0
27,5800.0-5900.0,100.0,0.0,0.0,0.0
27,5900.0-6000.0,100.0,0.0,0.0,0.0
27,6000.0-6100.0,100.0,0.0,0.0,0.0
27,6100.0-6200.0,100.0,0.0,0.0,0.0
27,6200.0-6300.0,100.0,0.0,0.0,0.0
27,6300.0-6400.0,51.0,0.0,0.0,0.0
28,0.0-100.0,0.0,0.0,0.0,0.0
28,100.0-200.0,0.0,0.0,0.0,0.0
28,200.0-300.0,0.0,0.0,0.0,0.0
28,300.0-400.0,0.0,0.0,0.0,0.0
28,400.0-500.0,0.0,0.0,0.0,0.0
28,500.0-600.0,0.0,0.0,0.0,0.0
28,600.0-700.0,0.0,0.0,0.0,0.0
28,700.0-800.0,0.0,0.0,0.0,0.0
28,800.0-900.0,0.0,0.0,0.0,0.0
28,900.0-1000.0,0.0,0.0,0.0,0.0
28,1000.0-1100.0,0.0,0.0,0.0,0.0
28,1300.0-1400.0,0.0,0.0,0.0,0.0
28,1400.0-1500.0,0.0,0.0,0.0,0.0
28,1500.0-1600.0,0.0,0.0,0.0,0.0
28,1600.0-1700.0,0.0,0.0,0.0,0.0
28,1700.0-1800.0,0.0,0.0,0.0,0.0
28,1800.0-1900.0,0.0,0.0,0.0,0.0
28,1900.0-2000.0,0.0,0.0,0.0,67.0
28,2000.0-2100.0,0.0,0.0,0.0,100.0
28,2100.0-2200.0,0.0,0.0,0.0,100.0
28,2200.0-2300.0,0.0,0.0,0.0,100.0
28,2300.0-2400.0,0.0,0.0,0.0,100.0
28,2400.0-2500.0,0.0,0.0,0.0,100.0
28,2500.0-2600.0,0.0,0.0,0.0,100.0
28,2600.0-2700.0,0.0,0.0,0.0,92.0
28,2700.0-2800.0,0.0,0.0,0.0,75.0
28,2800.0-2900.0,0.0,0.0,0.0,100.0
28,2900.0-3000.0,0.0,0.0,0.0,100.0
28,3000.0-3100.0,0.0,0.0,0.0,100.0
28,3100.0-3200.0,0.0,0.0,0.0,100.0
28,3200.0-3300.0,0.0,0.0,0.0,100.0
28,3300.0-3400.0,13.0,0.0,0.0,42.0
28,3400.0-3500.0,100.0,0.0,0.0,0.0
28,3500.0-3600.0,100.0,0.0,0.0,0.0
28,3600.0-3700.0,100.0,0.0,0.0,0.0
28,3700.0-3800.0,100.0,0.0,0.0,0.0
28,3800.0-3900.0,100.0,0.0,0.0,0.0
28,3900.0-4000.0,100.0,0.0,0.0,0.0
28,4000.0-4100.0,100.0,0.0,0.0,0.0
28,4100.0-4200.0,27.0,0.0,0.0,0.0
28,4200.0-4300.0,22.0,0.0,0.0,0.0
28,4300.0-4400.0,100.0,0.0,0.0,0.0
28,4400.0-4500.0,100.0,0.0,0.0,0.0
28,4500.0-4600.0,100.0,0.0,0.0,0.0
28,4600.0-4700.0,100.0,0.0,0.0,0.0
28,4700.0-4800.0,100.0,0.0,0.0,0.0
28,4800.0-4900.0,100.0,0.0,0.0,0.0
28,4900.0-5000.0,100.0,0.0,0.0,0.0
28,5000.0-5100.0,100.0,0.0,0.0,0.0
28,5100.0-5200.0,100.0,0.0,0.0,0.0
28,5200.0-5300.0,100.0,0.0,0.0,0.0
28,5300.0-5400.0,100.0,0.0,0.0,0.0
28,5400.0-5500.0,100.0,0.0,0.0,0.0
28,5500.0-5600.0,100.0,0.0,0.0,0.0
28,5600.0-5700.0,100.0,0.0,0.0,0.0
29,0.0-100.0,0.0,0.0,0.0,0.0
29,100.0-200.0,0.0,0.0,0.0,0.0
29,200.0-300.0,0.0,0.0,0.0,0.0
29,300.0-400.0,0.0,0.0,0.0,0.0
29,400.0-500.0,0.0,0.0,0.0,0.0
29,500.0-600.0,0.0,0.0,0.0,0.0
29,600.0-700.0,0.0,0.0,0.0,0.0
29,700.0-800.0,0.0,0.0,0.0,0.0
29,800.0-900.0,0.0,0.0,0.0,0.0
29,900.0-1000.0,0.0,0.0,0.0,0.0
29,1000.0-1100.0,0.0,0.0,0.0,0.0
29,1100.0-1200.0,0.0,0.0,0.0,0.0
29,1200.0-1300.0,0.0,0.0,0.0,0.0
29,1300.0-1400.0,0.0,0.0,0.0,0.0
29,1400.0-1500.0,0.0,0.0,0.0,0.0
29,1500.0-1600.0,0.0,0.0,0.0,0.0
29,1600.0-1700.0,0.0,0.0,0.0,0.0
29,1700.0-1800.0,0.0,0.0,0.0,0.0
29,1800.0-1900.0,0.0,0.0,0.0,0.0
29,1900.0-2000.0,0.0,0.0,0.0,0.0
29,2000.0-2100.0,0.0,0.0,0.0,0.0
29,2100.0-2200.0,0.0,0.0,0.0,0.0
29,2200.0-2300.0,0.0,0.0,0.0,0.0
29,2300.0-2400.0,0.0,0.0,0.0,0.0
29,2400.0-2500.0,0.0,0.0,0.0,0.0
29,2500.0-2600.0,0.0,0.0,0.0,0.0
29,2600.0-2700.0,0.0,0.0,0.0,0.0
29,2700.0-2800.0,0.0,0.0,0.0,0.0
29,2800.0-2900.0,0.0,0.0,0.0,0.0
29,2900.0-3000.0,0.0,0.0,0.0,0.0
29,3000.0-3100.0,0.0,0.0,0.0,0.0
29,3200.0-3300.0,68.0,0.0,0.0,0.0
29,3300.0-3400.0,100.0,0.0,0.0,0.0
29,3400.0-3500.0,57.0,0.0,0.0,0.0
29,3700.0-3800.0,100.0,0.0,0.0,0.0
29,3800.0-3900.0,100.0,0.0,0.0,0.0
29,3900.0-4000.0,68.0,0.0,0.0,0.0
29,4000.0-4100.0,100.0,0.0,0.0,0.0
29,4100.0-4200.0,100.0,0.0,0.0,0.0
29,4200.0-4300.0,100.0,0.0,0.0,0.0
29,4300.0-4400.0,100.0,0.0,0.0,0.0
29,4400.0-4500.0,100.0,0.0,0.0,0.0
29,4500.0-4600.0,100.0,0.0,0.0,0.0
29,4600.0-4700.0,100.0,0.0,0.0,0.0
29,4700.0-4800.0,100.0,0.0,0.0,0.0
29,4800.0-4900.0,100.0,0.0,0.0,0.0
29,4900.0-5000.0,47.0,0.0,0.0,0.0
29,5100.0-5200.0,58.0,0.0,0.0,0.0
29,5200.0-5300.0,100.0,0.0,0.0,0.0
29,5300.0-5400.0,100.0,0.0,0.0,0.0
29,5400.0-5500.0,97.0,0.0,0.0,0.0
29,5500.0-5600.0,0.0,0.0,26.0,0.0
29,5600.0-5700.0,0.0,0.0,95.0,0.0
29,5700.0-5800.0,0.0,0.0,74.0,0.0
29,5800.0-5900.0,7.0,0.0,19.0,0.0
29,5900.0-6000.0,100.0,0.0,0.0,0.0
29,6000.0-6100.0,100.0,0.0,0.0,0.0
29,6100.0-6200.0,82.0,0.0,0.0,0.0
29,6200.0-6300.0,100.0,0.0,0.0,0.0
30,3000.0-3100.0,0.0,97.0,0.0,0.0
30,3100.0-3200.0,0.0,0.0,50.0,0.0
30,3200.0-3300.0,0.0,0.0,100.0,0.0
30,3300.0-3400.0,0.0,0.0,100.0,0.0
30,3400.0-3500.0,0.0,0.0,19.0,0.0
30,3600.0-3700.0,0.0,0.0,45.0,0.0
30,3700.0-3800.0,0.0,0.0,71.0,0.0
30,3800.0-3900.0,0.0,0.0,100.0,0.0
30,3900.0-4000.0,0.0,0.0,100.0,0.0
30,4000.0-4100.0,0.0,0.0,71.0,0.0
30,4100.0-4200.0,76.0,0.0,0.0,0.0
30,4200.0-4300.0,100.0,0.0,0.0,0.0
30,4300.0-4400.0,100.0,0.0,0.0,0.0
30,4400.0-4500.0,65.0,0.0,0.0,0.0
30,4500.0-4600.0,54.0,0.0,0.0,0.0
30,4700.0-4800.0,0.0,0.0,60.0,0.0
30,4800.0-4900.0,0.0,0.0,100.0,0.0
30,4900.0-5000.0,0.0,0.0,76.0,0.0
30,5000.0-5100.0,0.0,0.0,100.0,0.0
30,5100.0-5200.0,0.0,0.0,44.0,0.0
30,5200.0-5300.0,85.0,0.0,0.0,0.0
30,5300.0-5400.0,74.0,0.0,0.0,0.0
30,5400.0-5500.0,100.0,0.0,0.0,0.0
30,5500.0-5600.0,78.0,0.0,0.0,0.0
30,5600.0-5700.0,78.0,0.0,0.0,0.0
30,5700.0-5800.0,0.0,0.0,0.0,57.0
30,5800.0-5900.0,0.0,0.0,0.0,100.0
30,5900.0-6000.0,0.0,0.0,0.0,82.0
30,6000.0-6100.0,0.0,0.0,0.0,100.0
30,6100.0-6200.0,0.0,0.0,0.0,85.0
30,6200.0-6300.0,0.0,0.0,0.0,100.0
30,6300.0-6400.0,0.0,0.0,0.0,75.0
31,2500.0-2600.0,100.0,0.0,0.0,0.0
31,2600.0-2700.0,100.0,0.0,0.0,0.0
31,2700.0-2800.0,100.0,0.0,0.0,0.0
31,2800.0-2900.0,96.0,0.0,0.0,0.0
31,3200.0-3300.0,0.0,0.0,0.0,12.0
31,3300.0-3400.0,0.0,0.0,0.0,100.0
31,3400.0-3500.0,0.0,24.0,0.0,9.0
31,3500.0-3600.0,0.0,100.0,0.0,0.0
31,3600.0-3700.0,0.0,1.0,42.0,0.0
31,3700.0-3800.0,0.0,0.0,100.0,0.0
31,3800.0-3900.0,0.0,0.0,78.0,0.0
31,3900.0-4000.0,0.0,0.0,68.0,0.0
31,4100.0-4200.0,0.0,0.0,59.0,0.0
31,4200.0-4300.0,0.0,0.0,100.0,0.0
31,4300.0-4400.0,0.0,0.0,45.0,0.0
31,4400.0-4500.0,89.0,0.0,0.0,0.0
31,4500.0-4600.0,69.0,0.0,0.0,0.0
31,4600.0-4700.0,75.0,0.0,0.0,0.0
31,4700.0-4800.0,100.0,0.0,0.0,0.0
31,4800.0-4900.0,100.0,0.0,0.0,0.0
31,4900.0-5000.0,76.0,0.0,0.0,0.0
31,5000.0-5100.0,100.0,0.0,0.0,0.0
31,5100.0-5200.0,71.0,0.0,0.0,0.0
31,5200.0-5300.0,100.0,0.0,0.0,0.0
31,5300.0-5400.0,49.0,0.0,0.0,0.0
31,5400.0-5500.0,100.0,0.0,0.0,0.0
31,5500.0-5600.0,17.0,0.0,0.0,54.0
31,5600.0-5700.0,0.0,0.0,0.0,100.0
32,0.0-100.0,0.0,0.0,0.0,0.0
32,100.0-200.0,0.0,0.0,0.0,0.0
32,200.0-300.0,0.0,0.0,0.0,0.0
32,300.0-400.0,0.0,0.0,0.0,0.0
32,400.0-500.0,0.0,0.0,0.0,0.0
32,500.0-600.0,0.0,0.0,0.0,0.0
32,600.0-700.0,0.0,0.0,0.0,0.0
32,700.0-800.0,0.0,0.0,0.0,0.0
32,800.0-900.0,0.0,0.0,0.0,0.0
32,900.0-1000.0,0.0,0.0,0.0,0.0
32,1000.0-1100.0,0.0,0.0,0.0,0.0
32,1100.0-1200.0,0.0,0.0,0.0,0.0
32,1200.0-1300.0,0.0,0.0,0.0,0.0
32,1300.0-1400.0,0.0,0.0,0.0,0.0
32,1600.0-1700.0,0.0,0.0,0.0,0.0
32,1700.0-1800.0,0.0,0.0,0.0,0.0
32,1800.0-1900.0,0.0,0.0,0.0,0.0
32,1900.0-2000.0,0.0,0.0,84.0,0.0
32,2000.0-2100.0,0.0,0.0,100.0,0.0
32,2100.0-2200.0,0.0,0.0,100.0,0.0
32,2200.0-2300.0,0.0,0.0,100.0,0.0
32,2300.0-2400.0,0.0,0.0,5.0,0.0
32,2600.0-2700.0,0.0,0.0,0.0,65.0
32,2700.0-2800.0,0.0,0.0,0.0,88.0
32,2800.0-2900.0,0.0,0.0,43.0,0.0
32,2900.0-3000.0,0.0,0.0,100.0,0.0
32,3000.0-3100.0,0.0,0.0,100.0,0.0
32,3100.0-3200.0,0.0,0.0,100.0,0.0
32,3200.0-3300.0,0.0,0.0,100.0,0.0
32,3300.0-3400.0,0.0,0.0,87.0,0.0
32,3400.0-3500.0,0.0,0.0,100.0,0.0
32,3500.0-3600.0,0.0,0.0,100.0,0.0
32,3600.0-3700.0,0.0,0.0,100.0,0.0
32,3700.0-3800.0,0.0,0.0,81.0,0.0
32,3800.0-3900.0,0.0,0.0,100.0,0.0
32,3900.0-4000.0,0.0,0.0,100.0,0.0
32,4000.0-4100.0,0.0,0.0,100.0,0.0
32,4100.0-4200.0,0.0,0.0,100.0,0.0
32,4200.0-4300.0,0.0,0.0,100.0,0.0
32,4300.0-4400.0,0.0,0.0,100.0,0.0
32,4400.0-4500.0,0.0,0.0,100.0,0.0
32,4500.0-4600.0,0.0,0.0,92.0,0.0
32,4700.0-4800.0,36.0,0.0,0.0,0.0
32,4800.0-4900.0,100.0,0.0,0.0,0.0
32,4900.0-5000.0,100.0,0.0,0.0,0.0
32,5000.0-5100.0,100.0,0.0,0.0,0.0
32,5100.0-5200.0,100.0,0.0,0.0,0.0
32,5200.0-5300.0,100.0,0.0,0.0,0.0
32,5300.0-5400.0,100.0,0.0,0.0,0.0
32,5400.0-5500.0,100.0,0.0,0.0,0.0
32,5500.0-5600.0,100.0,0.0,0.0,0.0
32,5600.0-5700.0,100.0,0.0,0.0,0.0
32,5700.0-5800.0,29.0,0.0,0.0,0.0
33,0.0-100.0,0.0,0.0,0.0,0.0
33,100.0-200.0,0.0,0.0,0.0,0.0
33,200.0-300.0,0.0,0.0,0.0,0.0
33,300.0-400.0,0.0,0.0,0.0,0.0
33,400.0-500.0,0.0,0.0,0.0,0.0
33,500.0-600.0,0.0,0.0,0.0,0.0
33,600.0-700.0,0.0,0.0,0.0,0.0
33,700.0-800.0,0.0,0.0,0.0,0.0
33,800.0-900.0,0.0,0.0,0.0,0.0
33,900.0-1000.0,0.0,0.0,0.0,0.0
33,1000.0-1100.0,0.0,0.0,0.0,0.0
33,1300.0-1400.0,0.0,0.0,0.0,0.0
33,1400.0-1500.0,0.0,0.0,0.0,0.0
33,1500.0-1600.0,0.0,0.0,0.0,0.0
33,1600.0-1700.0,0.0,0.0,0.0,0.0
33,1700.0-1800.0,0.0,0.0,0.0,0.0
33,1800.0-1900.0,0.0,0.0,0.0,0.0
33,1900.0-2000.0,0.0,0.0,0.0,0.0
33,2000.0-2100.0,0.0,0.0,0.0,0.0
33,2100.0-2200.0,0.0,0.0,0.0,0.0
33,2200.0-2300.0,0.0,0.0,0.0,0.0
33,2300.0-2400.0,0.0,0.0,0.0,0.0
33,2400.0-2500.0,0.0,0.0,0.0,0.0
33,2500.0-2600.0,0.0,0.0,0.0,0.0
33,2600.0-2700.0,0.0,0.0,80.0,0.0
33,2700.0-2800.0,0.0,0.0,100.0,0.0
33,2800.0-2900.0,0.0,0.0,23.0,0.0
33,3000.0-3100.0,0.0,0.0,15.0,0.0
33,3100.0-3200.0,0.0,0.0,100.0,0.0
33,3200.0-3300.0,0.0,0.0,100.0,0.0
33,3300.0-3400.0,0.0,0.0,100.0,0.0
33,3400.0-3500.0,0.0,0.0,100.0,0.0
33,3500.0-3600.0,0.0,0.0,26.0,0.0
33,3600.0-3700.0,0.0,0.0,38.0,0.0
33,3700.0-3800.0,0.0,0.0,100.0,0.0
33,3800.0-3900.0,0.0,0.0,66.0,0.0
33,3900.0-4000.0,0.0,0.0,100.0,0.0
33,4000.0-4100.0,0.0,0.0,100.0,0.0
33,4100.0-4200.0,0.0,0.0,95.0,0.0
33,4200.0-4300.0,53.0,0.0,0.0,0.0
33,4300.0-4400.0,100.0,0.0,0.0,0.0
33,4400.0-4500.0,100.0,0.0,0.0,0.0
33,4500.0-4600.0,100.0,0.0,0.0,0.0
33,4600.0-4700.0,100.0,0.0,0.0,0.0
33,4700.0-4800.0,81.0,0.0,0.0,0.0
33,4800.0-4900.0,100.0,0.0,0.0,0.0
33,4900.0-5000.0,100.0,0.0,0.0,0.0
33,5000.0-5100.0,100.0,0.0,0.0,0.0
33,5100.0-5200.0,100.0,0.0,0.0,0.0
33,5200.0-5300.0,100.0,0.0,0.0,0.0
33,5300.0-5400.0,70.0,0.0,0.0,0.0
33,5400.0-5500.0,100.0,0.0,0.0,0.0
33,5500.0-5600.0,100.0,0.0,0.0,0.0
33,5600.0-5700.0,100.0,0.0,0.0,0.0
33,5700.0-5800.0,100.0,0.0,0.0,0.0
33,5800.0-5900.0,100.0,0.0,0.0,0.0
33,5900.0-6000.0,100.0,0.0,0.0,0.0
33,6000.0-6100.0,100.0,0.0,0.0,0.0
33,6100.0-6200.0,100.0,0.0,0.0,0.0
33,6200.0-6300.0,8.0,0.0,0.0,0.0
34,2700.0-2800.0,0.0,0.0,0.0,77.0
34,2800.0-2900.0,0.0,0.0,0.0,71.0
34,2900.0-3000.0,0.0,0.0,0.0,100.0
34,3000.0-3100.0,0.0,0.0,0.0,100.0
34,3100.0-3200.0,0.0,0.0,0.0,1.0
34,3300.0-3400.0,0.0,0.0,0.0,39.0
34,3400.0-3500.0,0.0,0.0,0.0,86.0
34,3500.0-3600.0,0.0,0.0,0.0,100.0
34,3600.0-3700.0,0.0,0.0,0.0,43.0
34,3700.0-3800.0,99.0,0.0,0.0,0.0
34,3800.0-3900.0,92.0,0.0,0.0,0.0
34,3900.0-4000.0,95.0,0.0,0.0,0.0
34,4300.0-4400.0,98.0,0.0,0.0,0.0
34,4400.0-4500.0,100.0,0.0,0.0,0.0
34,4500.0-4600.0,100.0,0.0,0.0,0.0
34,4600.0-4700.0,100.0,0.0,0.0,0.0
34,4700.0-4800.0,100.0,0.0,0.0,0.0
34,4800.0-4900.0,100.0,0.0,0.0,0.0
34,4900.0-5000.0,100.0,0.0,0.0,0.0
34,5000.0-5100.0,20.0,5.0,0.0,0.0
34,5100.0-5200.0,0.0,100.0,0.0,0.0
34,5200.0-5300.0,0.0,80.0,0.0,0.0
34,5300.0-5400.0,0.0,73.0,0.0,0.0
34,5400.0-5500.0,0.0,98.0,0.0,0.0
34,5500.0-5600.0,0.0,43.0,4.0,0.0
34,5600.0-5700.0,0.0,0.0,100.0,0.0
34,5700.0-5800.0,0.0,0.0,100.0,0.0
34,5800.0-5900.0,0.0,0.0,100.0,0.0
34,5900.0-6000.0,0.0,0.0,76.0,0.0
34,6000.0-6100.0,0.0,0.0,100.0,0.0
34,6100.0-6200.0,0.0,0.0,41.0,0.0
34,6200.0-6300.0,77.0,0.0,0.0,0.0
34,6300.0-6400.0,100.0,0.0,0.0,0.0
35,2700.0-2800.0,0.0,0.0,0.0,53.0
35,2800.0-2900.0,0.0,0.0,0.0,100.0
35,2900.0-3000.0,0.0,0.0,0.0,100.0
35,3000.0-3100.0,0.0,0.0,0.0,100.0
35,3100.0-3200.0,0.0,0.0,0.0,77.0
35,3200.0-3300.0,0.0,0.0,0.0,100.0
35,3300.0-3400.0,0.0,0.0,0.0,100.0
35,3400.0-3500.0,0.0,0.0,0.0,100.0
35,3500.0-3600.0,0.0,0.0,0.0,100.0
35,3600.0-3700.0,0.0,0.0,0.0,4.0
35,3700.0-3800.0,93.0,0.0,0.0,0.0
35,3800.0-3900.0,65.0,0.0,0.0,0.0
35,3900.0-4000.0,100.0,0.0,0.0,0.0
35,4000.0-4100.0,74.0,0.0,0.0,0.0
35,4100.0-4200.0,100.0,0.0,0.0,0.0
35,4200.0-4300.0,73.0,0.0,0.0,0.0
35,4500.0-4600.0,0.0,77.0,0.0,0.0
35,4600.0-4700.0,0.0,75.0,0.0,0.0
35,4700.0-4800.0,0.0,100.0,0.0,0.0
35,4800.0-4900.0,29.0,6.0,0.0,0.0
35,4900.0-5000.0,100.0,0.0,0.0,0.0
35,5000.0-5100.0,80.0,0.0,0.0,0.0
35,5100.0-5200.0,14.0,0.0,0.0,0.0
35,5200.0-5300.0,0.0,0.0,73.0,0.0
35,5300.0-5400.0,0.0,0.0,86.0,0.0
35,5400.0-5500.0,0.0,0.0,91.0,0.0
35,5500.0-5600.0,0.0,0.0,100.0,0.0
35,5600.0-5700.0,0.0,0.0,22.0,19.0
35,5700.0-5800.0,0.0,0.0,0.0,100.0
36,0.0-100.0,0.0,0.0,0.0,0.0
36,100.0-200.0,0.0,0.0,0.0,0.0
36,200.0-300.0,0.0,0.0,0.0,0.0
36,300.0-400.0,0.0,0.0,0.0,0.0
36,400.0-500.0,0.0,0.0,0.0,0.0
36,500.0-600.0,0.0,0.0,0.0,0.0
36,600.0-700.0,0.0,0.0,0.0,0.0
36,700.0-800.0,0.0,0.0,0.0,0.0
36,800.0-900.0,0.0,0.0,0.0,0.0
36,900.0-1000.0,0.0,0.0,0.0,0.0
36,1000.0-1100.0,0.0,0.0,0.0,0.0
36,1100.0-1200.0,0.0,0.0,0.0,0.0
36,1200.0-1300.0,0.0,0.0,0.0,0.0
36,1300.0-1400.0,0.0,0.0,0.0,0.0
36,1400.0-1500.0,0.0,0.0,0.0,0.0
36,1500.0-1600.0,0.0,0.0,0.0,0.0
36,1600.0-1700.0,0.0,0.0,0.0,0.0
36,1700.0-1800.0,0.0,0.0,0.0,0.0
36,1800.0-1900.0,0.0,0.0,0.0,0.0
36,2100.0-2200.0,0.0,0.0,0.0,0.0
36,2200.0-2300.0,0.0,0.0,0.0,0.0
36,2300.0-2400.0,0.0,0.0,0.0,0.0
36,2400.0-2500.0,0.0,0.0,0.0,0.0
36,2500.0-2600.0,0.0,0.0,0.0,0.0
36,2600.0-2700.0,0.0,0.0,0.0,0.0
36,2700.0-2800.0,0.0,0.0,0.0,0.0
36,2800.0-2900.0,0.0,0.0,0.0,0.0
36,2900.0-3000.0,0.0,0.0,0.0,0.0
36,3000.0-3100.0,0.0,0.0,0.0,0.0
36,3100.0-3200.0,0.0,0.0,0.0,0.0
36,3200.0-3300.0,0.0,0.0,0.0,0.0
36,3300.0-3400.0,0.0,0.0,0.0,0.0
36,3400.0-3500.0,0.0,0.0,0.0,0.0
36,3500.0-3600.0,0.0,0.0,0.0,0.0
36,3600.0-3700.0,0.0,0.0,70.0,0.0
36,3700.0-3800.0,0.0,0.0,100.0,0.0
36,3800.0-3900.0,0.0,0.0,100.0,0.0
36,3900.0-4000.0,0.0,0.0,100.0,0.0
36,4000.0-4100.0,0.0,0.0,100.0,0.0
36,4100.0-4200.0,0.0,0.0,100.0,0.0
36,4200.0-4300.0,0.0,0.0,100.0,0.0
36,4300.0-4400.0,0.0,0.0,100.0,0.0
36,4400.0-4500.0,0.0,0.0,100.0,0.0
36,4500.0-4600.0,0.0,0.0,100.0,0.0
36,4600.0-4700.0,0.0,0.0,100.0,0.0
36,4700.0-4800.0,0.0,0.0,100.0,0.0
36,4800.0-4900.0,0.0,0.0,100.0,0.0
36,4900.0-5000.0,0.0,0.0,15.0,0.0
36,5100.0-5200.0,35.0,0.0,0.0,0.0
36,5200.0-5300.0,100.0,0.0,0.0,0.0
36,5300.0-5400.0,100.0,0.0,0.0,0.0
36,5400.0-5500.0,100.0,0.0,0.0,0.0
36,5500.0-5600.0,100.0,0.0,0.0,0.0
36,5600.0-5700.0,100.0,0.0,0.0,0.0
36,5700.0-5800.0,100.0,0.0,0.0,0.0
36,5800.0-5900.0,100.0,0.0,0.0,0.0
36,5900.0-6000.0,100.0,0.0,0.0,0.0
36,6000.0-6100.0,100.0,0.0,0.0,0.0
36,6100.0-6200.0,100.0,0.0,0.0,0.0
37,0.0-100.0,0.0,0.0,0.0,0.0
37,100.0-200.0,0.0,0.0,0.0,0.0
37,200.0-300.0,0.0,0.0,0.0,0.0
37,300.0-400.0,0.0,0.0,0.0,0.0
37,400.0-500.0,0.0,0.0,0.0,13.0
37,500.0-600.0,0.0,0.0,0.0,100.0
37,600.0-700.0,0.0,0.0,0.0,100.0
37,700.0-800.0,0.0,0.0,0.0,100.0
37,800.0-900.0,0.0,0.0,0.0,100.0
37,900.0-1000.0,0.0,0.0,0.0,100.0
37,1000.0-1100.0,0.0,0.0,0.0,14.0
37,1100.0-1200.0,0.0,0.0,0.0,0.0
37,1200.0-1300.0,0.0,0.0,0.0,0.0
37,1300.0-1400.0,0.0,0.0,0.0,0.0
37,1400.0-1500.0,0.0,0.0,0.0,0.0
37,1500.0-1600.0,0.0,0.0,0.0,0.0
37,1600.0-1700.0,0.0,0.0,0.0,0.0
37,1700.0-1800.0,0.0,0.0,0.0,0.0
37,1800.0-1900.0,0.0,0.0,0.0,0.0
37,1900.0-2000.0,0.0,0.0,0.0,0.0
37,2000.0-2100.0,0.0,0.0,0.0,0.0
37,2100.0-2200.0,0.0,0.0,0.0,0.0
37,2200.0-2300.0,0.0,0.0,0.0,0.0
37,2300.0-2400.0,0.0,0.0,0.0,0.0
37,2400.0-2500.0,0.0,0.0,0.0,0.0
37,2500.0-2600.0,0.0,0.0,0.0,0.0
37,2600.0-2700.0,0.0,0.0,0.0,0.0
37,2700.0-2800.0,0.0,0.0,0.0,0.0
37,2800.0-2900.0,0.0,0.0,0.0,0.0
37,2900.0-3000.0,0.0,0.0,0.0,0.0
37,3000.0-3100.0,0.0,0.0,0.0,13.0
37,3100.0-3200.0,0.0,0.0,0.0,100.0
37,3200.0-3300.0,0.0,0.0,0.0,100.0
37,3300.0-3400.0,0.0,0.0,0.0,100.0
37,3400.0-3500.0,0.0,42.0,0.0,9.0
37,3500.0-3600.0,0.0,100.0,0.0,0.0
37,3600.0-3700.0,0.0,82.0,0.0,0.0
37,3700.0-3800.0,91.0,0.0,0.0,0.0
37,3800.0-3900.0,29.0,0.0,6.0,0.0
37,3900.0-4000.0,0.0,0.0,100.0,0.0
37,4000.0-4100.0,0.0,0.0,100.0,0.0
37,4100.0-4200.0,0.0,0.0,100.0,0.0
37,4200.0-4300.0,0.0,0.0,100.0,0.0
37,4300.0-4400.0,0.0,0.0,100.0,0.0
37,4400.0-4500.0,0.0,0.0,100.0,0.0
37,4500.0-4600.0,0.0,0.0,100.0,0.0
37,4600.0-4700.0,23.0,0.0,16.0,0.0
37,4700.0-4800.0,100.0,0.0,0.0,0.0
37,4800.0-4900.0,100.0,0.0,0.0,0.0
37,4900.0-5000.0,100.0,0.0,0.0,0.0
37,5000.0-5100.0,100.0,0.0,0.0,0.0
37,5100.0-5200.0,100.0,0.0,0.0,0.0
37,5200.0-5300.0,100.0,0.0,0.0,0.0
37,5300.0-5400.0,27.0,0.0,0.0,0.0
37,5700.0-5800.0,27.0,0.0,0.0,0.0
37,5800.0-5900.0,100.0,0.0,0.0,0.0
37,5900.0-6000.0,100.0,0.0,0.0,0.0
37,6000.0-6100.0,100.0,0.0,0.0,0.0
38,2700.0-2800.0,0.0,0.0,0.0,50.0
38,2800.0-2900.0,0.0,5.0,0.0,0.0
38,2900.0-3000.0,0.0,100.0,0.0,0.0
38,3000.0-3100.0,0.0,100.0,0.0,0.0
38,3100.0-3200.0,0.0,100.0,0.0,0.0
38,3200.0-3300.0,0.0,100.0,0.0,0.0
38,3300.0-3400.0,0.0,17.0,0.0,32.0
38,3400.0-3500.0,0.0,0.0,0.0,94.0
38,3500.0-3600.0,0.0,0.0,0.0,82.0
38,3600.0-3700.0,0.0,0.0,0.0,100.0
38,3700.0-3800.0,0.0,0.0,0.0,100.0
38,3800.0-3900.0,0.0,0.0,22.0,2.0
38,3900.0-4000.0,0.0,0.0,100.0,0.0
38,4000.0-4100.0,0.0,0.0,83.0,0.0
38,4100.0-4200.0,58.0,0.0,0.0,0.0
38,4200.0-4300.0,66.0,0.0,0.0,0.0
38,4300.0-4400.0,0.0,0.0,80.0,0.0
38,4400.0-4500.0,0.0,0.0,80.0,0.0
38,4500.0-4600.0,0.0,0.0,100.0,0.0
38,4600.0-4700.0,0.0,0.0,71.0,0.0
38,4700.0-4800.0,0.0,0.0,71.0,0.0
38,4800.0-4900.0,70.0,0.0,0.0,0.0
38,4900.0-5000.0,100.0,0.0,0.0,0.0
38,5000.0-5100.0,100.0,0.0,0.0,0.0
38,5100.0-5200.0,15.0,0.0,0.0,0.0
38,5300.0-5400.0,4.0,55.0,0.0,0.0
38,5400.0-5500.0,100.0,0.0,0.0,0.0
38,5500.0-5600.0,100.0,0.0,0.0,0.0
38,5600.0-5700.0,100.0,0.0,0.0,0.0
38,5700.0-5800.0,15.0,0.0,0.0,1.0
38,5800.0-5900.0,0.0,0.0,0.0,100.0
38,5900.0-6000.0,0.0,0.0,0.0,100.0
38,6000.0-6100.0,0.0,0.0,0.0,86.0
38,6100.0-6200.0,37.0,0.0,0.0,0.0
38,6200.0-6300.0,78.0,0.0,0.0,0.0
38,6300.0-6400.0,100.0,0.0,0.0,0.0
38,6400.0-6500.0,74.0,0.0,0.0,0.0
38,6500.0-6600.0,0.0,82.0,0.0,0.0
38,6600.0-6700.0,0.0,38.0,0.0,1.0
38,6700.0-6800.0,0.0,0.0,0.0,100.0
39,3200.0-3300.0,35.0,25.0,0.0,0.0
39,3300.0-3400.0,0.0,75.0,0.0,0.0
39,3600.0-3700.0,0.0,77.0,0.0,0.0
39,3700.0-3800.0,0.0,100.0,0.0,0.0
39,3800.0-3900.0,0.0,100.0,0.0,0.0
39,3900.0-4000.0,0.0,100.0,0.0,0.0
39,4000.0-4100.0,13.0,23.0,0.0,0.0
39,4100.0-4200.0,100.0,0.0,0.0,0.0
39,4200.0-4300.0,100.0,0.0,0.0,0.0
39,4300.0-4400.0,100.0,0.0,0.0,0.0
39,4400.0-4500.0,87.0,0.0,0.0,0.0
39,4500.0-4600.0,100.0,0.0,0.0,0.0
39,4600.0-4700.0,72.0,0.0,0.0,0.0
39,4700.0-4800.0,100.0,0.0,0.0,0.0
39,4800.0-4900.0,100.0,0.0,0.0,0.0
39,4900.0-5000.0,76.0,0.0,0.0,0.0
39,5000.0-5100.0,100.0,0.0,0.0,0.0
39,5100.0-5200.0,100.0,0.0,0.0,0.0
39,5200.0-5300.0,62.0,0.0,0.0,0.0
39,5300.0-5400.0,0.0,0.0,76.0,0.0
39,5400.0-5500.0,0.0,0.0,100.0,0.0
39,5500.0-5600.0,0.0,0.0,90.0,0.0
39,5700.0-5800.0,0.0,0.0,49.0,0.0
39,5800.0-5900.0,63.0,0.0,0.0,0.0
39,5900.0-6000.0,100.0,0.0,0.0,0.0
39,6000.0-6100.0,100.0,0.0,0.0,0.0
40,2600.0-2700.0,0.0,82.0,0.0,0.0
40,2700.0-2800.0,0.0,75.0,0.0,0.0
40,2800.0-2900.0,0.0,100.0,0.0,0.0
40,2900.0-3000.0,0.0,100.0,0.0,0.0
40,3000.0-3100.0,0.0,20.0,33.0,0.0
40,3100.0-3200.0,0.0,0.0,65.0,0.0
40,3200.0-3300.0,0.0,0.0,45.0,0.0
40,3300.0-3400.0,0.0,0.0,52.0,0.0
40,3500.0-3600.0,0.0,0.0,94.0,0.0
40,3600.0-3700.0,0.0,0.0,100.0,0.0
40,3700.0-3800.0,0.0,0.0,70.0,0.0
40,3800.0-3900.0,0.0,0.0,100.0,0.0
40,3900.0-4000.0,0.0,0.0,44.0,0.0
40,4000.0-4100.0,0.0,0.0,0.0,56.0
40,4100.0-4200.0,0.0,0.0,0.0,57.0
40,4200.0-4300.0,84.0,0.0,0.0,0.0
40,4300.0-4400.0,98.0,0.0,0.0,0.0
40,4400.0-4500.0,81.0,0.0,0.0,0.0
40,4500.0-4600.0,100.0,0.0,0.0,0.0
40,4600.0-4700.0,62.0,0.0,0.0,0.0
40,4700.0-4800.0,100.0,0.0,0.0,0.0
40,4800.0-4900.0,100.0,0.0,0.0,0.0
40,4900.0-5000.0,74.0,0.0,0.0,0.0
40,5000.0-5100.0,100.0,0.0,0.0,0.0
40,5100.0-5200.0,100.0,0.0,0.0,0.0
40,5200.0-5300.0,87.0,0.0,0.0,0.0
40,5300.0-5400.0,85.0,0.0,0.0,0.0
40,5400.0-5500.0,100.0,0.0,0.0,0.0
40,5500.0-5600.0,85.0,0.0,0.0,0.0
41,0.0-100.0,0.0,0.0,0.0,0.0
41,100.0-200.0,0.0,0.0,0.0,0.0
41,200.0-300.0,0.0,0.0,0.0,0.0
41,300.0-400.0,0.0,0.0,0.0,0.0
41,400.0-500.0,0.0,0.0,0.0,0.0
41,500.0-600.0,0.0,0.0,0.0,0.0
41,600.0-700.0,0.0,0.0,0.0,0.0
41,700.0-800.0,0.0,0.0,0.0,0.0
41,800.0-900.0,0.0,0.0,0.0,0.0
41,900.0-1000.0,0.0,0.0,0.0,0.0
41,1000.0-1100.0,0.0,0.0,0.0,0.0
41,1100.0-1200.0,0.0,0.0,0.0,0.0
41,1200.0-1300.0,0.0,0.0,0.0,0.0
41,1300.0-1400.0,0.0,0.0,0.0,0.0
41,1400.0-1500.0,0.0,0.0,0.0,0.0
41,1500.0-1600.0,0.0,0.0,0.0,0.0
41,1600.0-1700.0,0.0,0.0,0.0,0.0
41,1700.0-1800.0,0.0,0.0,0.0,0.0
41,1800.0-1900.0,0.0,0.0,0.0,0.0
41,1900.0-2000.0,0.0,0.0,0.0,0.0
41,2000.0-2100.0,0.0,0.0,0.0,0.0
41,2100.0-2200.0,0.0,0.0,0.0,0.0
41,2200.0-2300.0,0.0,0.0,0.0,0.0
41,2300.0-2400.0,0.0,0.0,0.0,0.0
41,2400.0-2500.0,0.0,0.0,0.0,0.0
41,2500.0-2600.0,0.0,0.0,0.0,0.0
41,2600.0-2700.0,0.0,0.0,0.0,0.0
41,2700.0-2800.0,0.0,0.0,0.0,0.0
41,2800.0-2900.0,0.0,0.0,0.0,0.0
41,2900.0-3000.0,0.0,0.0,0.0,0.0
41,3000.0-3100.0,0.0,0.0,0.0,0.0
41,3100.0-3200.0,0.0,0.0,0.0,0.0
41,3200.0-3300.0,0.0,0.0,0.0,0.0
41,3300.0-3400.0,0.0,0.0,0.0,0.0
41,3400.0-3500.0,0.0,0.0,0.0,0.0
41,3500.0-3600.0,0.0,0.0,0.0,0.0
41,3600.0-3700.0,0.0,0.0,0.0,0.0
41,3700.0-3800.0,0.0,0.0,0.0,0.0
41,4000.0-4100.0,0.0,0.0,80.0,0.0
41,4100.0-4200.0,0.0,0.0,100.0,0.0
41,4200.0-4300.0,0.0,0.0,77.0,0.0
41,4300.0-4400.0,0.0,0.0,100.0,0.0
41,4400.0-4500.0,0.0,0.0,100.0,0.0
41,4500.0-4600.0,0.0,0.0,83.0,0.0
41,4600.0-4700.0,74.0,0.0,0.0,0.0
41,4700.0-4800.0,100.0,0.0,0.0,0.0
41,4800.0-4900.0,93.0,0.0,0.0,0.0
41,4900.0-5000.0,69.0,0.0,0.0,0.0
41,5000.0-5100.0,100.0,0.0,0.0,0.0
41,5100.0-5200.0,100.0,0.0,0.0,0.0
41,5200.0-5300.0,100.0,0.0,0.0,0.0
41,5300.0-5400.0,100.0,0.0,0.0,0.0
41,5400.0-5500.0,100.0,0.0,0.0,0.0
41,5500.0-5600.0,100.0,0.0,0.0,0.0
41,5600.0-5700.0,100.0,0.0,0.0,0.0
41,5700.0-5800.0,100.0,0.0,0.0,0.0
41,5800.0-5900.0,100.0,0.0,0.0,0.0
41,5900.0-6000.0,100.0,0.0,0.0,0.0
42,0.0-100.0,0.0,0.0,0.0,0.0
42,100.0-200.0,0.0,73.0,0.0,0.0
42,200.0-300.0,0.0,100.0,0.0,0.0
42,300.0-400.0,0.0,100.0,0.0,0.0
42,400.0-500.0,0.0,100.0,0.0,0.0
42,500.0-600.0,0.0,100.0,0.0,0.0
42,600.0-700.0,0.0,100.0,0.0,0.0
42,700.0-800.0,0.0,100.0,0.0,0.0
42,800.0-900.0,0.0,100.0,0.0,0.0
42,900.0-1000.0,0.0,100.0,0.0,0.0
42,1000.0-1100.0,0.0,100.0,0.0,0.0
42,1100.0-1200.0,0.0,100.0,0.0,0.0
42,1200.0-1300.0,0.0,100.0,0.0,0.0
42,1300.0-1400.0,0.0,100.0,0.0,0.0
42,1400.0-1500.0,0.0,100.0,0.0,0.0
42,1500.0-1600.0,0.0,100.0,0.0,0.0
42,1600.0-1700.0,0.0,100.0,0.0,0.0
42,1700.0-1800.0,0.0,100.0,0.0,0.0
42,1800.0-1900.0,0.0,100.0,0.0,0.0
42,1900.0-2000.0,0.0,100.0,0.0,0.0
42,2000.0-2100.0,0.0,100.0,0.0,0.0
42,2100.0-2200.0,0.0,100.0,0.0,0.0
42,2200.0-2300.0,0.0,100.0,0.0,0.0
42,2300.0-2400.0,0.0,93.0,0.0,0.0
42,2500.0-2600.0,0.0,0.0,17.0,0.0
42,2600.0-2700.0,0.0,0.0,100.0,0.0
42,2700.0-2800.0,0.0,0.0,78.0,0.0
42,2800.0-2900.0,0.0,0.0,99.0,0.0
42,2900.0-3000.0,0.0,21.0,12.0,0.0
42,3000.0-3100.0,0.0,100.0,0.0,0.0
42,3100.0-3200.0,0.0,100.0,0.0,0.0
42,3200.0-3300.0,0.0,60.0,0.0,0.0
42,3300.0-3400.0,0.0,0.0,91.0,0.0
42,3400.0-3500.0,0.0,0.0,100.0,0.0
42,3500.0-3600.0,0.0,0.0,77.0,0.0
42,3600.0-3700.0,0.0,0.0,100.0,0.0
42,3700.0-3800.0,0.0,0.0,80.0,0.0
42,3800.0-3900.0,0.0,0.0,91.0,0.0
42,4000.0-4100.0,0.0,0.0,70.0,0.0
42,4100.0-4200.0,0.0,0.0,100.0,0.0
42,4200.0-4300.0,0.0,0.0,83.0,0.0
42,4300.0-4400.0,24.0,0.0,0.0,0.0
42,4400.0-4500.0,100.0,0.0,0.0,0.0
42,4500.0-4600.0,100.0,0.0,0.0,0.0
42,4600.0-4700.0,100.0,0.0,0.0,0.0
42,4700.0-4800.0,100.0,0.0,0.0,0.0
42,4800.0-4900.0,100.0,0.0,0.0,0.0
42,4900.0-5000.0,100.0,0.0,0.0,0.0
42,5000.0-5100.0,100.0,0.0,0.0,0.0
42,5100.0-5200.0,100.0,0.0,0.0,0.0
42,5200.0-5300.0,100.0,0.0,0.0,0.0
42,5300.0-5400.0,100.0,0.0,0.0,0.0
42,5400.0-5500.0,100.0,0.0,0.0,0.0
42,5500.0-5600.0,100.0,0.0,0.0,0.0
42,5600.0-5700.0,100.0,0.0,0.0,0.0
42,5700.0-5800.0,100.0,0.0,0.0,0.0
42,5800.0-5900.0,100.0,0.0,0.0,0.0
42,5900.0-6000.0,100.0,0.0,0.0,0.0
42,6000.0-6100.0,100.0,0.0,0.0,0.0
42,6100.0-6200.0,100.0,0.0,0.0,0.0
42,6200.0-6300.0,100.0,0.0,0.0,0.0
42,6300.0-6400.0,100.0,0.0,0.0,0.0
43,3100.0-3200.0,0.0,0.0,0.0,100.0
43,3200.0-3300.0,0.0,0.0,0.0,100.0
43,3300.0-3400.0,0.0,0.0,0.0,83.0
43,3400.0-3500.0,0.0,0.0,0.0,100.0
43,3500.0-3600.0,0.0,0.0,0.0,100.0
43,3600.0-3700.0,0.0,0.0,0.0,100.0
43,3700.0-3800.0,0.0,0.0,0.0,100.0
43,3800.0-3900.0,0.0,0.0,0.0,44.0
43,3900.0-4000.0,89.0,0.0,0.0,0.0
43,4000.0-4100.0,100.0,0.0,0.0,0.0
43,4100.0-4200.0,92.0,0.0,0.0,0.0
43,4200.0-4300.0,80.0,0.0,0.0,0.0
43,4300.0-4400.0,14.0,0.0,0.0,0.0
43,4500.0-4600.0,0.0,0.0,0.0,21.0
43,4600.0-4700.0,0.0,0.0,0.0,100.0
43,4700.0-4800.0,0.0,0.0,8.0,37.0
43,4800.0-4900.0,0.0,0.0,100.0,0.0
43,4900.0-5000.0,0.0,0.0,86.0,0.0
43,5000.0-5100.0,0.0,0.0,96.0,0.0
43,5100.0-5200.0,0.0,0.0,77.0,0.0
43,5200.0-5300.0,0.0,0.0,0.0,12.0
43,5300.0-5400.0,0.0,0.0,0.0,88.0
43,5400.0-5500.0,0.0,0.0,0.0,77.0
43,5500.0-5600.0,0.0,0.0,0.0,55.0
43,5600.0-5700.0,81.0,0.0,0.0,0.0
43,5700.0-5800.0,100.0,0.0,0.0,0.0
43,5800.0-5900.0,100.0,0.0,0.0,0.0
43,5900.0-6000.0,100.0,0.0,0.0,0.0
43,6000.0-6100.0,98.0,0.0,0.0,0.0
44,0.0-100.0,0.0,0.0,0.0,0.0
44,100.0-200.0,0.0,0.0,0.0,0.0
44,200.0-300.0,0.0,0.0,0.0,0.0
44,300.0-400.0,0.0,0.0,0.0,0.0
44,400.0-500.0,0.0,0.0,0.0,0.0
44,500.0-600.0,0.0,0.0,0.0,0.0
44,600.0-700.0,0.0,0.0,0.0,0.0
44,700.0-800.0,0.0,0.0,0.0,0.0
44,800.0-900.0,0.0,0.0,0.0,0.0
44,900.0-1000.0,0.0,0.0,0.0,0.0
44,1000.0-1100.0,0.0,0.0,0.0,0.0
44,1100.0-1200.0,0.0,0.0,0.0,0.0
44,1200.0-1300.0,0.0,0.0,0.0,0.0
44,1300.0-1400.0,0.0,0.0,0.0,0.0
44,1400.0-1500.0,0.0,0.0,0.0,0.0
44,1500.0-1600.0,0.0,0.0,0.0,0.0
44,1600.0-1700.0,0.0,0.0,0.0,0.0
44,1700.0-1800.0,0.0,0.0,0.0,0.0
44,1800.0-1900.0,0.0,0.0,0.0,0.0
44,1900.0-2000.0,0.0,0.0,0.0,0.0
44,2000.0-2100.0,0.0,0.0,0.0,0.0
44,2100.0-2200.0,0.0,0.0,0.0,0.0
44,2200.0-2300.0,0.0,0.0,0.0,0.0
44,2300.0-2400.0,0.0,0.0,0.0,0.0
44,2400.0-2500.0,0.0,0.0,0.0,0.0
44,2500.0-2600.0,0.0,0.0,0.0,0.0
44,2600.0-2700.0,0.0,0.0,0.0,0.0
44,2700.0-2800.0,0.0,0.0,0.0,0.0
44,3000.0-3100.0,0.0,0.0,0.0,40.0
44,3100.0-3200.0,0.0,0.0,0.0,100.0
44,3200.0-3300.0,0.0,0.0,0.0,33.0
44,3300.0-3400.0,0.0,0.0,97.0,0.0
44,3400.0-3500.0,0.0,0.0,100.0,0.0
44,3500.0-3600.0,0.0,0.0,100.0,0.0
44,3600.0-3700.0,0.0,0.0,100.0,0.0
44,3700.0-3800.0,0.0,0.0,100.0,0.0
44,3800.0-3900.0,0.0,0.0,12.0,0.0
44,3900.0-4000.0,0.0,0.0,38.0,0.0
44,4000.0-4100.0,0.0,0.0,100.0,0.0
44,4100.0-4200.0,0.0,0.0,100.0,0.0
44,4200.0-4300.0,0.0,0.0,100.0,0.0
44,4300.0-4400.0,0.0,0.0,100.0,0.0
44,4400.0-4500.0,0.0,0.0,100.0,0.0
44,4500.0-4600.0,0.0,0.0,100.0,0.0
44,4600.0-4700.0,0.0,0.0,68.0,0.0
44,4700.0-4800.0,0.0,0.0,93.0,0.0
44,4800.0-4900.0,0.0,0.0,100.0,0.0
44,4900.0-5000.0,2.0,0.0,15.0,0.0
44,5000.0-5100.0,100.0,0.0,0.0,0.0
44,5100.0-5200.0,100.0,0.0,0.0,0.0
44,5200.0-5300.0,100.0,0.0,0.0,0.0
44,5300.0-5400.0,100.0,0.0,0.0,0.0
44,5400.0-5500.0,100.0,0.0,0.0,0.0
44,5500.0-5600.0,100.0,0.0,0.0,0.0
44,5600.0-5700.0,100.0,0.0,0.0,0.0
44,5700.0-5800.0,100.0,0.0,0.0,0.0
44,5800.0-5900.0,67.0,0.0,0.0,0.0
45,2800.0-2900.0,100.0,0.0,0.0,0.0
45,2900.0-3000.0,100.0,0.0,0.0,0.0
45,3000.0-3100.0,9.0,42.0,0.0,0.0
45,3100.0-3200.0,0.0,100.0,0.0,0.0
45,3200.0-3300.0,0.0,100.0,0.0,0.0
45,3300.0-3400.0,0.0,17.0,0.0,0.0
45,3400.0-3500.0,0.0,0.0,0.0,0.0
45,3500.0-3600.0,0.0,0.0,0.0,37.0
45,3600.0-3700.0,0.0,0.0,0.0,100.0
45,3700.0-3800.0,0.0,0.0,0.0,68.0
45,3800.0-3900.0,0.0,0.0,0.0,100.0
45,3900.0-4000.0,0.0,0.0,7.0,21.0
45,4000.0-4100.0,0.0,0.0,100.0,0.0
45,4100.0-4200.0,0.0,0.0,83.0,0.0
45,4200.0-4300.0,0.0,0.0,94.0,0.0
45,4400.0-4500.0,8.0,0.0,0.0,0.0
45,4500.0-4600.0,100.0,0.0,0.0,0.0
45,4600.0-4700.0,85.0,0.0,0.0,0.0
45,4700.0-4800.0,75.0,0.0,0.0,0.0
45,4800.0-4900.0,0.0,75.0,0.0,0.0
45,4900.0-5000.0,0.0,93.0,0.0,0.0
45,5000.0-5100.0,0.0,0.0,21.0,0.0
45,5100.0-5200.0,0.0,0.0,100.0,0.0
45,5200.0-5300.0,0.0,0.0,100.0,0.0
45,5300.0-5400.0,0.0,0.0,79.0,0.0
45,5400.0-5500.0,0.0,0.0,64.0,0.0
45,5500.0-5600.0,0.0,46.0,0.0,0.0
45,5600.0-5700.0,0.0,73.0,0.0,0.0
45,5700.0-5800.0,60.0,0.0,0.0,0.0
45,5800.0-5900.0,100.0,0.0,0.0,0.0
45,5900.0-6000.0,100.0,0.0,0.0,0.0
46,4400.0-4500.0,0.0,0.0,100.0,0.0
46,4500.0-4600.0,0.0,0.0,83.0,0.0
46,4600.0-4700.0,0.0,0.0,100.0,0.0
46,4700.0-4800.0,0.0,13.0,32.0,0.0
46,4800.0-4900.0,0.0,100.0,0.0,0.0
46,4900.0-5000.0,15.0,28.0,0.0,0.0
46,5000.0-5100.0,100.0,0.0,0.0,0.0
46,5100.0-5200.0,100.0,0.0,0.0,0.0
46,5200.0-5300.0,100.0,0.0,0.0,0.0
46,5300.0-5400.0,76.0,0.0,0.0,0.0
46,5400.0-5500.0,88.0,0.0,0.0,0.0
46,5500.0-5600.0,0.0,0.0,0.0,33.0
46,5600.0-5700.0,0.0,0.0,0.0,100.0
47,0.0-100.0,0.0,0.0,0.0,0.0
47,100.0-200.0,0.0,0.0,0.0,0.0
47,200.0-300.0,0.0,0.0,0.0,0.0
47,300.0-400.0,0.0,0.0,0.0,0.0
47,400.0-500.0,0.0,0.0,24.0,0.0
47,500.0-600.0,0.0,0.0,100.0,0.0
47,600.0-700.0,0.0,0.0,100.0,0.0
47,700.0-800.0,0.0,0.0,100.0,0.0
47,800.0-900.0,0.0,0.0,100.0,0.0
47,900.0-1000.0,0.0,0.0,100.0,0.0
47,1000.0-1100.0,0.0,0.0,100.0,0.0
47,1100.0-1200.0,0.0,0.0,100.0,0.0
47,1200.0-1300.0,0.0,0.0,1.0,0.0
47,1300.0-1400.0,0.0,0.0,0.0,0.0
47,1400.0-1500.0,0.0,0.0,0.0,0.0
47,1500.0-1600.0,0.0,0.0,0.0,0.0
47,1600.0-1700.0,0.0,0.0,0.0,0.0
47,1700.0-1800.0,0.0,0.0,0.0,0.0
47,1800.0-1900.0,0.0,0.0,0.0,0.0
47,1900.0-2000.0,0.0,0.0,0.0,0.0
47,2000.0-2100.0,0.0,0.0,79.0,0.0
47,2100.0-2200.0,0.0,0.0,100.0,0.0
47,2200.0-2300.0,0.0,0.0,37.0,8.0
47,2300.0-2400.0,0.0,0.0,0.0,100.0
47,2400.0-2500.0,0.0,0.0,0.0,48.0
47,2500.0-2600.0,66.0,0.0,0.0,0.0
47,2600.0-2700.0,100.0,0.0,0.0,0.0
47,2700.0-2800.0,81.0,0.0,0.0,0.0
47,2800.0-2900.0,0.0,57.0,0.0,0.0
47,2900.0-3000.0,0.0,100.0,0.0,0.0
47,3000.0-3100.0,0.0,79.0,0.0,0.0
47,3200.0-3300.0,0.0,0.0,15.0,0.0
47,3300.0-3400.0,0.0,0.0,100.0,0.0
47,3400.0-3500.0,0.0,0.0,84.0,0.0
47,3500.0-3600.0,0.0,0.0,88.0,0.0
47,3600.0-3700.0,0.0,0.0,100.0,0.0
47,3700.0-3800.0,0.0,0.0,100.0,0.0
47,3800.0-3900.0,0.0,0.0,100.0,0.0
47,3900.0-4000.0,0.0,0.0,100.0,0.0
47,4000.0-4100.0,0.0,0.0,100.0,0.0
47,4100.0-4200.0,0.0,0.0,100.0,0.0
47,4200.0-4300.0,0.0,0.0,100.0,0.0
47,4400.0-4500.0,0.0,0.0,37.0,0.0
47,4500.0-4600.0,0.0,0.0,47.0,0.0
47,4600.0-4700.0,72.0,0.0,0.0,0.0
47,4700.0-4800.0,100.0,0.0,0.0,0.0
47,4800.0-4900.0,100.0,0.0,0.0,0.0
47,4900.0-5000.0,67.0,0.0,0.0,0.0
47,5000.0-5100.0,100.0,0.0,0.0,0.0
47,5100.0-5200.0,100.0,0.0,0.0,0.0
47,5200.0-5300.0,82.0,0.0,0.0,0.0
47,5300.0-5400.0,98.0,0.0,0.0,0.0
47,5400.0-5500.0,100.0,0.0,0.0,0.0
47,5500.0-5600.0,100.0,0.0,0.0,0.0
47,5600.0-5700.0,100.0,0.0,0.0,0.0
47,5700.0-5800.0,100.0,0.0,0.0,0.0
47,5800.0-5900.0,100.0,0.0,0.0,0.0
47,5900.0-6000.0,100.0,0.0,0.0,0.0
47,6000.0-6100.0,100.0,0.0,0.0,0.0
47,6100.0-6200.0,100.0,0.0,0.0,0.0
47,6200.0-6300.0,100.0,0.0,0.0,0.0
48,0.0-100.0,0.0,0.0,0.0,0.0
48,100.0-200.0,0.0,0.0,0.0,0.0
48,200.0-300.0,0.0,0.0,0.0,0.0
48,300.0-400.0,0.0,0.0,0.0,0.0
48,400.0-500.0,0.0,0.0,0.0,0.0
48,500.0-600.0,0.0,0.0,0.0,0.0
48,600.0-700.0,0.0,0.0,0.0,0.0
48,700.0-800.0,0.0,0.0,0.0,0.0
48,800.0-900.0,0.0,0.0,0.0,0.0
48,900.0-1000.0,0.0,0.0,0.0,0.0
48,1000.0-1100.0,0.0,0.0,0.0,0.0
48,1100.0-1200.0,0.0,0.0,0.0,0.0
48,1200.0-1300.0,0.0,0.0,0.0,0.0
48,1300.0-1400.0,0.0,0.0,0.0,0.0
48,1400.0-1500.0,0.0,0.0,0.0,0.0
48,1500.0-1600.0,0.0,0.0,0.0,0.0
48,1600.0-1700.0,0.0,0.0,0.0,0.0
48,1700.0-1800.0,0.0,0.0,0.0,0.0
48,1800.0-1900.0,0.0,0.0,0.0,0.0
48,1900.0-2000.0,0.0,0.0,0.0,0.0
48,2000.0-2100.0,16.0,0.0,0.0,0.0
48,2100.0-2200.0,100.0,0.0,0.0,0.0
48,2200.0-2300.0,86.0,0.0,0.0,0.0
48,2500.0-2600.0,70.0,0.0,0.0,0.0
48,2600.0-2700.0,100.0,0.0,0.0,0.0
48,2700.0-2800.0,7.0,0.0,0.0,50.0
48,2800.0-2900.0,0.0,0.0,0.0,100.0
48,2900.0-3000.0,0.0,0.0,0.0,100.0
48,3000.0-3100.0,0.0,0.0,0.0,100.0
48,3100.0-3200.0,0.0,0.0,0.0,100.0
48,3200.0-3300.0,0.0,0.0,0.0,100.0
48,3300.0-3400.0,0.0,0.0,0.0,20.0
48,3400.0-3500.0,0.0,78.0,0.0,0.0
48,3500.0-3600.0,0.0,13.0,22.0,0.0
48,3600.0-3700.0,0.0,0.0,100.0,0.0
48,3700.0-3800.0,0.0,0.0,100.0,0.0
48,3800.0-3900.0,0.0,0.0,58.0,0.0
48,3900.0-4000.0,0.0,0.0,100.0,0.0
48,4000.0-4100.0,0.0,0.0,100.0,0.0
48,4100.0-4200.0,0.0,0.0,100.0,0.0
48,4200.0-4300.0,0.0,0.0,47.0,0.0
48,4400.0-4500.0,0.0,0.0,28.0,0.0
48,4500.0-4600.0,0.0,0.0,100.0,0.0
48,4600.0-4700.0,0.0,0.0,76.0,0.0
48,4700.0-4800.0,0.0,0.0,100.0,0.0
48,4800.0-4900.0,8.0,0.0,27.0,0.0
48,4900.0-5000.0,100.0,0.0,0.0,0.0
48,5000.0-5100.0,100.0,0.0,0.0,0.0
48,5100.0-5200.0,100.0,0.0,0.0,0.0
48,5200.0-5300.0,100.0,0.0,0.0,0.0
48,5300.0-5400.0,100.0,0.0,0.0,0.0
48,5400.0-5500.0,100.0,0.0,0.0,0.0
48,5500.0-5600.0,100.0,0.0,0.0,0.0
48,5600.0-5700.0,100.0,0.0,0.0,0.0
49,3100.0-3200.0,0.0,33.0,8.0,0.0
49,3200.0-3300.0,0.0,0.0,66.0,0.0
49,3500.0-3600.0,0.0,0.0,90.0,0.0
49,3600.0-3700.0,0.0,0.0,72.0,0.0
49,3700.0-3800.0,0.0,0.0,100.0,0.0
49,3800.0-3900.0,0.0,0.0,87.0,0.0
49,3900.0-4000.0,0.0,0.0,100.0,0.0
49,4000.0-4100.0,0.0,0.0,65.0,0.0
49,4100.0-4200.0,0.0,67.0,0.0,0.0
49,4200.0-4300.0,0.0,100.0,0.0,0.0
49,4300.0-4400.0,0.0,79.0,0.0,0.0
49,4400.0-4500.0,0.0,0.0,0.0,46.0
49,4500.0-4600.0,0.0,0.0,0.0,78.0
49,4600.0-4700.0,0.0,0.0,0.0,99.0
49,4700.0-4800.0,85.0,0.0,0.0,0.0
49,4800.0-4900.0,91.0,0.0,0.0,0.0
49,4900.0-5000.0,100.0,0.0,0.0,0.0
49,5000.0-5100.0,72.0,0.0,0.0,0.0
49,5200.0-5300.0,0.0,0.0,93.0,0.0
49,5300.0-5400.0,0.0,0.0,100.0,0.0
49,5400.0-5500.0,14.0,0.0,6.0,0.0
49,5500.0-5600.0,100.0,0.0,0.0,0.0
49,5600.0-5700.0,78.0,0.0,0.0,0.0
49,5700.0-5800.0,100.0,0.0,0.0,0.0
50,0.0-100.0,0.0,0.0,0.0,0.0
50,100.0-200.0,0.0,0.0,0.0,0.0
50,200.0-300.0,0.0,0.0,0.0,0.0
50,300.0-400.0,0.0,0.0,0.0,0.0
50,400.0-500.0,0.0,0.0,0.0,0.0
50,500.0-600.0,0.0,0.0,0.0,0.0
50,600.0-700.0,0.0,0.0,0.0,0.0
50,700.0-800.0,0.0,0.0,0.0,0.0
50,800.0-900.0,0.0,0.0,0.0,0.0
50,900.0-1000.0,0.0,0.0,0.0,0.0
50,1000.0-1100.0,0.0,0.0,0.0,0.0
50,1100.0-1200.0,0.0,0.0,0.0,0.0
50,1200.0-1300.0,0.0,0.0,0.0,0.0
50,1300.0-1400.0,0.0,0.0,0.0,0.0
50,1400.0-1500.0,0.0,0.0,0.0,0.0
50,1500.0-1600.0,0.0,0.0,0.0,0.0
50,1600.0-1700.0,0.0,0.0,0.0,0.0
50,1700.0-1800.0,0.0,0.0,0.0,0.0
50,1800.0-1900.0,0.0,0.0,0.0,0.0
50,1900.0-2000.0,0.0,0.0,0.0,0.0
50,2000.0-2100.0,0.0,0.0,0.0,0.0
50,2100.0-2200.0,0.0,0.0,0.0,0.0
50,2400.0-2500.0,0.0,53.0,0.0,0.0
50,2500.0-2600.0,0.0,89.0,0.0,0.0
50,2600.0-2700.0,0.0,0.0,0.0,57.0
50,2700.0-2800.0,0.0,0.0,0.0,100.0
50,2800.0-2900.0,0.0,0.0,0.0,100.0
50,2900.0-3000.0,0.0,0.0,0.0,64.0
50,3000.0-3100.0,0.0,0.0,0.0,100.0
50,3100.0-3200.0,0.0,0.0,0.0,100.0
50,3200.0-3300.0,0.0,0.0,0.0,100.0
50,3300.0-3400.0,0.0,0.0,0.0,100.0
50,3400.0-3500.0,0.0,0.0,0.0,82.0
50,3500.0-3600.0,69.0,0.0,0.0,0.0
50,3600.0-3700.0,100.0,0.0,0.0,0.0
50,3700.0-3800.0,100.0,0.0,0.0,0.0
50,3800.0-3900.0,80.0,0.0,0.0,0.0
50,3900.0-4000.0,91.0,0.0,0.0,0.0
50,4000.0-4100.0,74.0,0.0,0.0,0.0
50,4100.0-4200.0,100.0,0.0,0.0,0.0
50,4200.0-4300.0,1.0,0.0,56.0,0.0
50,4300.0-4400.0,0.0,0.0,100.0,0.0
50,4400.0-4500.0,0.0,0.0,100.0,0.0
50,4500.0-4600.0,0.0,0.0,76.0,0.0
50,4600.0-4700.0,8.0,0.0,39.0,0.0
50,4700.0-4800.0,100.0,0.0,0.0,0.0
50,4800.0-4900.0,100.0,0.0,0.0,0.0
50,4900.0-5000.0,48.0,0.0,0.0,0.0
50,5100.0-5200.0,49.0,0.0,0.0,0.0
50,5200.0-5300.0,100.0,0.0,0.0,0.0
50,5300.0-5400.0,100.0,0.0,0.0,0.0
50,5400.0-5500.0,100.0,0.0,0.0,0.0
50,5500.0-5600.0,100.0,0.0,0.0,0.0
50,5600.0-5700.0,100.0,0.0,0.0,0.0
50,5700.0-5800.0,100.0,0.0,0.0,0.0
50,5800.0-5900.0,100.0,0.0,0.0,0.0
50,5900.0-6000.0,100.0,0.0,0.0,0.0
51,0.0-100.0,0.0,0.0,0.0,0.0
51,100.0-200.0,0.0,0.0,0.0,0.0
51,200.0-300.0,0.0,0.0,0.0,0.0
51,300.0-400.0,0.0,0.0,0.0,0.0
51,400.0-500.0,0.0,0.0,0.0,0.0
51,500.0-600.0,0.0,0.0,0.0,0.0
51,600.0-700.0,0.0,0.0,0.0,0.0
51,800.0-900.0,0.0,0.0,0.0,0.0
51,900.0-1000.0,0.0,0.0,0.0,0.0
51,1000.0-1100.0,0.0,0.0,0.0,0.0
51,1100.0-1200.0,0.0,0.0,0.0,0.0
51,1200.0-1300.0,0.0,0.0,0.0,0.0
51,1300.0-1400.0,0.0,0.0,0.0,0.0
51,1400.0-1500.0,0.0,0.0,0.0,0.0
51,1500.0-1600.0,0.0,0.0,0.0,0.0
51,1600.0-1700.0,0.0,0.0,0.0,0.0
51,1700.0-1800.0,0.0,0.0,0.0,0.0
51,1800.0-1900.0,0.0,0.0,0.0,0.0
51,1900.0-2000.0,0.0,0.0,0.0,0.0
51,2000.0-2100.0,0.0,0.0,0.0,0.0
51,2100.0-2200.0,0.0,0.0,0.0,0.0
51,2200.0-2300.0,0.0,0.0,0.0,0.0
51,2300.0-2400.0,0.0,0.0,0.0,0.0
51,2400.0-2500.0,0.0,0.0,0.0,0.0
51,2500.0-2600.0,0.0,0.0,85.0,0.0
51,2600.0-2700.0,0.0,0.0,100.0,0.0
51,2700.0-2800.0,0.0,0.0,100.0,0.0
51,2800.0-2900.0,0.0,0.0,17.0,0.0
51,3100.0-3200.0,94.0,0.0,0.0,0.0
51,3200.0-3300.0,69.0,0.0,0.0,0.0
51,3300.0-3400.0,100.0,0.0,0.0,0.0
51,3400.0-3500.0,70.0,0.0,0.0,0.0
51,3500.0-3600.0,0.0,0.0,77.0,0.0
51,3600.0-3700.0,0.0,0.0,24.0,0.0
51,3800.0-3900.0,0.0,0.0,56.0,0.0
51,3900.0-4000.0,0.0,0.0,100.0,0.0
51,4000.0-4100.0,0.0,0.0,100.0,0.0
51,4100.0-4200.0,0.0,0.0,100.0,0.0
51,4200.0-4300.0,0.0,0.0,73.0,0.0
51,4300.0-4400.0,0.0,0.0,100.0,0.0
51,4400.0-4500.0,0.0,0.0,100.0,0.0
51,4500.0-4600.0,0.0,0.0,100.0,0.0
51,4600.0-4700.0,0.0,0.0,100.0,0.0
51,4700.0-4800.0,0.0,0.0,100.0,0.0
51,4800.0-4900.0,0.0,0.0,100.0,0.0
51,4900.0-5000.0,0.0,0.0,100.0,0.0
51,5000.0-5100.0,0.0,0.0,100.0,0.0
51,5100.0-5200.0,0.0,0.0,100.0,0.0
51,5200.0-5300.0,0.0,0.0,100.0,0.0
51,5300.0-5400.0,0.0,0.0,100.0,0.0
51,5400.0-5500.0,0.0,0.0,100.0,0.0
51,5500.0-5600.0,0.0,0.0,100.0,0.0
51,5600.0-5700.0,0.0,0.0,100.0,0.0
51,5700.0-5800.0,0.0,0.0,100.0,0.0
51,5800.0-5900.0,0.0,0.0,100.0,0.0
51,5900.0-6000.0,0.0,0.0,100.0,0.0
52,2800.0-2900.0,78.0,0.0,0.0,0.0
52,2900.0-3000.0,94.0,0.0,0.0,0.0
52,3000.0-3100.0,88.0,0.0,0.0,0.0
52,3100.0-3200.0,100.0,0.0,0.0,0.0
52,3200.0-3300.0,22.0,0.0,0.0,11.0
52,3300.0-3400.0,0.0,0.0,0.0,100.0
52,3400.0-3500.0,0.0,0.0,0.0,68.0
52,3500.0-3600.0,0.0,40.0,0.0,0.0
52,3600.0-3700.0,0.0,77.0,0.0,0.0
52,3700.0-3800.0,0.0,92.0,0.0,0.0
52,3800.0-3900.0,0.0,100.0,0.0,0.0
52,3900.0-4000.0,0.0,100.0,0.0,0.0
52,4000.0-4100.0,0.0,4.0,0.0,40.0
52,4100.0-4200.0,39.0,0.0,0.0,18.0
52,4200.0-4300.0,83.0,0.0,0.0,0.0
52,4300.0-4400.0,81.0,0.0,0.0,0.0
52,4400.0-4500.0,100.0,0.0,0.0,0.0
52,4500.0-4600.0,84.0,0.0,0.0,0.0
52,4600.0-4700.0,53.0,0.0,0.0,0.0
52,4700.0-4800.0,36.0,0.0,0.0,0.0
52,4900.0-5000.0,14.0,0.0,0.0,0.0
52,5000.0-5100.0,100.0,0.0,0.0,0.0
52,5100.0-5200.0,88.0,0.0,0.0,0.0
52,5200.0-5300.0,75.0,0.0,0.0,0.0
52,5300.0-5400.0,100.0,0.0,0.0,0.0
52,5400.0-5500.0,100.0,0.0,0.0,0.0
52,5500.0-5600.0,70.0,0.0,0.0,0.0
52,5600.0-5700.0,66.0,0.0,0.0,0.0
52,5800.0-5900.0,13.0,0.0,0.0,0.0
52,5900.0-6000.0,100.0,0.0,0.0,0.0
52,6000.0-6100.0,100.0,0.0,0.0,0.0
52,6100.0-6200.0,78.0,0.0,0.0,0.0
52,6200.0-6300.0,100.0,0.0,0.0,0.0
52,6300.0-6400.0,36.0,0.0,8.0,0.0
52,6400.0-6500.0,0.0,0.0,100.0,0.0
52,6500.0-6600.0,0.0,0.0,74.0,0.0
52,6600.0-6700.0,0.0,0.0,100.0,0.0
52,6700.0-6800.0,0.0,0.0,68.0,0.0
53,0.0-100.0,0.0,0.0,0.0,0.0
53,100.0-200.0,0.0,0.0,0.0,0.0
53,500.0-600.0,0.0,0.0,0.0,0.0
53,600.0-700.0,0.0,0.0,0.0,0.0
53,700.0-800.0,0.0,0.0,0.0,0.0
53,800.0-900.0,0.0,0.0,0.0,0.0
53,900.0-1000.0,0.0,0.0,0.0,0.0
53,1000.0-1100.0,0.0,0.0,0.0,0.0
53,1100.0-1200.0,0.0,0.0,0.0,0.0
53,1200.0-1300.0,0.0,0.0,0.0,0.0
53,1300.0-1400.0,0.0,0.0,0.0,0.0
53,1400.0-1500.0,0.0,0.0,0.0,0.0
53,1500.0-1600.0,0.0,0.0,0.0,0.0
53,1600.0-1700.0,0.0,0.0,0.0,0.0
53,1700.0-1800.0,0.0,0.0,0.0,0.0
53,1800.0-1900.0,0.0,0.0,0.0,0.0
53,1900.0-2000.0,0.0,0.0,0.0,0.0
53,2000.0-2100.0,0.0,0.0,0.0,0.0
53,2100.0-2200.0,0.0,0.0,0.0,28.0
53,2200.0-2300.0,0.0,0.0,0.0,100.0
53,2300.0-2400.0,0.0,0.0,0.0,100.0
53,2400.0-2500.0,0.0,0.0,0.0,100.0
53,2500.0-2600.0,0.0,0.0,0.0,100.0
53,2600.0-2700.0,0.0,0.0,0.0,100.0
53,2700.0-2800.0,0.0,0.0,0.0,100.0
53,2800.0-2900.0,0.0,0.0,0.0,100.0
53,2900.0-3000.0,0.0,0.0,0.0,100.0
53,3000.0-3100.0,0.0,0.0,0.0,100.0
53,3100.0-3200.0,0.0,0.0,0.0,100.0
53,3200.0-3300.0,0.0,0.0,0.0,100.0
53,3300.0-3400.0,0.0,0.0,0.0,100.0
53,3400.0-3500.0,0.0,0.0,0.0,100.0
53,3500.0-3600.0,0.0,0.0,0.0,100.0
53,3600.0-3700.0,0.0,0.0,0.0,96.0
53,3700.0-3800.0,0.0,0.0,0.0,53.0
53,4000.0-4100.0,0.0,0.0,76.0,0.0
53,4100.0-4200.0,0.0,0.0,100.0,0.0
53,4200.0-4300.0,0.0,0.0,100.0,0.0
53,4300.0-4400.0,0.0,0.0,100.0,0.0
53,4400.0-4500.0,0.0,0.0,100.0,0.0
53,4500.0-4600.0,0.0,0.0,100.0,0.0
53,4600.0-4700.0,0.0,0.0,100.0,0.0
53,4700.0-4800.0,0.0,0.0,100.0,0.0
53,4800.0-4900.0,0.0,0.0,100.0,0.0
53,4900.0-5000.0,0.0,0.0,100.0,0.0
53,5000.0-5100.0,0.0,0.0,100.0,0.0
53,5100.0-5200.0,0.0,0.0,32.0,0.0
53,5400.0-5500.0,0.0,0.0,0.0,0.0
53,5500.0-5600.0,0.0,0.0,0.0,0.0
54,4700.0-4800.0,0.0,0.0,19.0,0.0
54,4800.0-4900.0,0.0,0.0,100.0,0.0
54,4900.0-5000.0,0.0,0.0,100.0,0.0
54,5000.0-5100.0,0.0,0.0,84.0,0.0
54,5100.0-5200.0,0.0,0.0,100.0,0.0
54,5200.0-5300.0,0.0,0.0,88.0,0.0
54,5300.0-5400.0,0.0,0.0,0.0,53.0
54,5400.0-5500.0,0.0,0.0,0.0,90.0
54,5500.0-5600.0,0.0,0.0,0.0,80.0
54,5600.0-5700.0,0.0,0.0,0.0,100.0
54,5700.0-5800.0,0.0,0.0,0.0,70.0
54,5800.0-5900.0,67.0,0.0,0.0,0.0
54,5900.0-6000.0,83.0,0.0,0.0,0.0
54,6000.0-6100.0,100.0,0.0,0.0,0.0
54,6100.0-6200.0,66.0,0.0,0.0,0.0
54,6200.0-6300.0,100.0,0.0,0.0,0.0
54,6300.0-6400.0,100.0,0.0,0.0,0.0
55,2500.0-2600.0,0.0,0.0,100.0,0.0
55,2600.0-2700.0,0.0,0.0,100.0,0.0
55,2700.0-2800.0,0.0,0.0,82.0,0.0
55,2800.0-2900.0,73.0,0.0,0.0,0.0
55,2900.0-3000.0,100.0,0.0,0.0,0.0
55,3000.0-3100.0,100.0,0.0,0.0,0.0
55,3100.0-3200.0,64.0,0.0,0.0,0.0
55,3200.0-3300.0,100.0,0.0,0.0,0.0
55,3300.0-3400.0,26.0,0.0,27.0,0.0
55,3400.0-3500.0,0.0,0.0,100.0,0.0
55,3500.0-3600.0,0.0,0.0,81.0,0.0
55,3600.0-3700.0,0.0,0.0,0.0,0.0
55,3700.0-3800.0,0.0,0.0,0.0,0.0
55,3800.0-3900.0,0.0,98.0,0.0,0.0
55,3900.0-4000.0,0.0,75.0,0.0,0.0
55,4000.0-4100.0,0.0,0.0,0.0,74.0
55,4100.0-4200.0,0.0,0.0,0.0,85.0
55,4200.0-4300.0,0.0,0.0,0.0,91.0
55,4300.0-4400.0,0.0,0.0,0.0,63.0
55,4400.0-4500.0,88.0,0.0,0.0,0.0
55,4500.0-4600.0,52.0,0.0,0.0,0.0
55,4600.0-4700.0,0.0,0.0,80.0,0.0
55,4700.0-4800.0,0.0,0.0,73.0,0.0
55,4800.0-4900.0,67.0,0.0,0.0,0.0
55,4900.0-5000.0,77.0,0.0,0.0,0.0
55,5000.0-5100.0,96.0,0.0,0.0,0.0
55,5100.0-5200.0,80.0,0.0,0.0,0.0
55,5200.0-5300.0,82.0,0.0,0.0,0.0
55,5300.0-5400.0,24.0,0.0,0.0,12.0
55,5400.0-5500.0,0.0,0.0,0.0,100.0
55,5500.0-5600.0,0.0,0.0,0.0,85.0
55,5600.0-5700.0,0.0,0.0,0.0,100.0
55,5700.0-5800.0,0.0,0.0,0.0,85.0
55,5800.0-5900.0,0.0,0.0,0.0,98.0
55,5900.0-6000.0,50.0,0.0,0.0,0.0
55,6000.0-6100.0,100.0,0.0,0.0,0.0
56,3000.0-3100.0,0.0,0.0,100.0,0.0
56,3100.0-3200.0,0.0,0.0,100.0,0.0
56,3200.0-3300.0,0.0,0.0,75.0,0.0
56,3300.0-3400.0,0.0,0.0,38.0,0.0
56,3600.0-3700.0,0.0,0.0,26.0,0.0
56,3700.0-3800.0,0.0,0.0,100.0,0.0
56,3800.0-3900.0,0.0,0.0,100.0,0.0
56,3900.0-4000.0,0.0,0.0,100.0,0.0
56,4000.0-4100.0,0.0,0.0,100.0,0.0
56,4100.0-4200.0,0.0,30.0,21.0,0.0
56,4200.0-4300.0,0.0,100.0,0.0,0.0
56,4300.0-4400.0,0.0,100.0,0.0,0.0
56,4400.0-4500.0,0.0,6.0,0.0,0.0
56,4500.0-4600.0,86.0,0.0,0.0,0.0
56,4600.0-4700.0,80.0,0.0,0.0,0.0
56,4700.0-4800.0,68.0,0.0,0.0,0.0
56,4900.0-5000.0,53.0,0.0,0.0,0.0
56,5000.0-5100.0,40.0,0.0,5.0,0.0
56,5100.0-5200.0,0.0,0.0,100.0,0.0
56,5200.0-5300.0,0.0,0.0,100.0,0.0
56,5300.0-5400.0,0.0,0.0,100.0,0.0
56,5400.0-5500.0,0.0,0.0,99.0,0.0
56,5500.0-5600.0,0.0,0.0,78.0,0.0
56,5600.0-5700.0,0.0,0.0,61.0,0.0
56,5700.0-5800.0,68.0,0.0,0.0,0.0
56,5800.0-5900.0,100.0,0.0,0.0,0.0
56,5900.0-6000.0,89.0,0.0,0.0,0.0
56,6000.0-6100.0,100.0,0.0,0.0,0.0
57,0.0-100.0,0.0,0.0,0.0,0.0
57,100.0-200.0,0.0,0.0,0.0,0.0
57,200.0-300.0,0.0,0.0,0.0,0.0
57,300.0-400.0,0.0,0.0,0.0,0.0
57,400.0-500.0,0.0,0.0,0.0,0.0
57,700.0-800.0,0.0,0.0,0.0,0.0
57,800.0-900.0,0.0,0.0,0.0,0.0
57,900.0-1000.0,0.0,0.0,0.0,0.0
57,1000.0-1100.0,0.0,0.0,0.0,0.0
57,1100.0-1200.0,0.0,0.0,0.0,0.0
57,1200.0-1300.0,0.0,0.0,0.0,0.0
57,1300.0-1400.0,0.0,0.0,0.0,0.0
57,1400.0-1500.0,0.0,0.0,0.0,0.0
57,1500.0-1600.0,0.0,0.0,0.0,0.0
57,1600.0-1700.0,0.0,0.0,0.0,0.0
57,1700.0-1800.0,0.0,0.0,0.0,0.0
57,1800.0-1900.0,0.0,0.0,0.0,0.0
57,1900.0-2000.0,0.0,0.0,0.0,0.0
57,2000.0-2100.0,0.0,0.0,0.0,0.0
57,2100.0-2200.0,0.0,0.0,0.0,0.0
57,2200.0-2300.0,0.0,0.0,0.0,0.0
57,2300.0-2400.0,0.0,0.0,0.0,0.0
57,2400.0-2500.0,0.0,0.0,0.0,0.0
57,2500.0-2600.0,0.0,0.0,0.0,0.0
57,2800.0-2900.0,25.0,0.0,0.0,0.0
57,2900.0-3000.0,91.0,0.0,0.0,0.0
57,3000.0-3100.0,82.0,0.0,0.0,0.0
57,3100.0-3200.0,100.0,0.0,0.0,0.0
57,3200.0-3300.0,8.0,0.0,0.0,0.0
57,3500.0-3600.0,65.0,0.0,0.0,0.0
57,3600.0-3700.0,100.0,0.0,0.0,0.0
57,3700.0-3800.0,36.0,0.0,0.0,0.0
57,3800.0-3900.0,0.0,0.0,95.0,0.0
57,3900.0-4000.0,0.0,0.0,100.0,0.0
57,4000.0-4100.0,16.0,0.0,20.0,0.0
57,4100.0-4200.0,100.0,0.0,0.0,0.0
57,4200.0-4300.0,100.0,0.0,0.0,0.0
57,4300.0-4400.0,100.0,0.0,0.0,0.0
57,4400.0-4500.0,100.0,0.0,0.0,0.0
57,4500.0-4600.0,100.0,0.0,0.0,0.0
57,4600.0-4700.0,100.0,0.0,0.0,0.0
57,4700.0-4800.0,100.0,0.0,0.0,0.0
57,4800.0-4900.0,100.0,0.0,0.0,0.0
57,4900.0-5000.0,100.0,0.0,0.0,0.0
57,5000.0-5100.0,100.0,0.0,0.0,0.0
57,5100.0-5200.0,100.0,0.0,0.0,0.0
57,5200.0-5300.0,74.0,0.0,0.0,0.0
57,5800.0-5900.0,55.0,0.0,0.0,0.0
57,5900.0-6000.0,100.0,0.0,0.0,0.0
57,6000.0-6100.0,100.0,0.0,0.0,0.0
57,6100.0-6200.0,100.0,0.0,0.0,0.0
57,6200.0-6300.0,76.0,0.0,0.0,0.0
57,6300.0-6400.0,100.0,0.0,0.0,0.0
58,4500.0-4600.0,0.0,0.0,100.0,0.0
58,4600.0-4700.0,0.0,0.0,57.0,0.0
58,4700.0-4800.0,0.0,0.0,100.0,0.0
58,4800.0-4900.0,0.0,0.0,25.0,0.0
58,4900.0-5000.0,95.0,0.0,0.0,0.0
58,5000.0-5100.0,100.0,0.0,0.0,0.0
58,5100.0-5200.0,65.0,0.0,0.0,0.0
58,5200.0-5300.0,100.0,0.0,0.0,0.0
58,5300.0-5400.0,51.0,0.0,0.0,0.0
58,5400.0-5500.0,0.0,0.0,87.0,0.0
58,5500.0-5600.0,0.0,0.0,21.0,0.0
58,5800.0-5900.0,29.0,0.0,0.0,0.0
58,5900.0-6000.0,100.0,0.0,0.0,0.0
58,6000.0-6100.0,100.0,0.0,0.0,0.0
59,2500.0-2600.0,0.0,0.0,0.0,55.0
59,2600.0-2700.0,0.0,0.0,0.0,100.0
59,2700.0-2800.0,0.0,0.0,0.0,78.0
59,2800.0-2900.0,0.0,0.0,0.0,100.0
59,2900.0-3000.0,0.0,0.0,0.0,100.0
59,3000.0-3100.0,0.0,0.0,0.0,91.0
59,3100.0-3200.0,0.0,0.0,52.0,0.0
59,3200.0-3300.0,0.0,0.0,100.0,0.0
59,3300.0-3400.0,0.0,0.0,60.0,0.0
59,3500.0-3600.0,34.0,0.0,0.0,0.0
59,3600.0-3700.0,66.0,0.0,0.0,0.0
59,3700.0-3800.0,0.0,0.0,87.0,0.0
59,3800.0-3900.0,0.0,0.0,100.0,0.0
59,3900.0-4000.0,0.0,0.0,29.0,0.0
59,4100.0-4200.0,0.0,0.0,32.0,0.0
59,4200.0-4300.0,0.0,0.0,95.0,0.0
59,4300.0-4400.0,0.0,0.0,0.0,49.0
59,4400.0-4500.0,0.0,0.0,0.0,100.0
59,4500.0-4600.0,0.0,0.0,0.0,100.0
59,4600.0-4700.0,0.0,0.0,0.0,100.0
59,4700.0-4800.0,0.0,0.0,0.0,64.0
59,4800.0-4900.0,0.0,73.0,0.0,0.0
59,4900.0-5000.0,0.0,75.0,0.0,0.0
59,5000.0-5100.0,0.0,100.0,0.0,0.0
59,5100.0-5200.0,0.0,78.0,0.0,0.0
59,5200.0-5300.0,0.0,62.0,0.0,0.0
59,5300.0-5400.0,70.0,0.0,0.0,0.0
59,5400.0-5500.0,100.0,0.0,0.0,0.0
59,5500.0-5600.0,78.0,0.0,0.0,0.0
59,5600.0-5700.0,100.0,0.0,0.0,0.0
59,5700.0-5800.0,98.0,0.0,0.0,0.0
59,5800.0-5900.0,82.0,0.0,0.0,0.0
59,5900.0-6000.0,100.0,0.0,0.0,0.0
59,6000.0-6100.0,100.0,0.0,0.0,0.0
59,6100.0-6200.0,79.0,0.0,0.0,0.0
59,6200.0-6300.0,99.0,0.0,0.0,0.0
59,6300.0-6400.0,100.0,0.0,0.0,0.0
60,0.0-100.0,0.0,0.0,0.0,0.0
60,100.0-200.0,0.0,0.0,0.0,0.0
60,200.0-300.0,0.0,0.0,0.0,0.0
60,300.0-400.0,0.0,0.0,0.0,0.0
60,400.0-500.0,0.0,0.0,0.0,0.0
60,500.0-600.0,0.0,0.0,0.0,0.0
60,600.0-700.0,0.0,0.0,0.0,0.0
60,800.0-900.0,0.0,0.0,0.0,0.0
60,900.0-1000.0,0.0,0.0,0.0,0.0
60,1000.0-1100.0,0.0,0.0,0.0,0.0
60,1100.0-1200.0,0.0,0.0,0.0,0.0
60,1200.0-1300.0,0.0,0.0,0.0,0.0
60,1300.0-1400.0,0.0,0.0,0.0,0.0
60,1400.0-1500.0,0.0,0.0,0.0,0.0
60,1500.0-1600.0,0.0,0.0,0.0,0.0
60,1600.0-1700.0,0.0,0.0,0.0,0.0
60,1700.0-1800.0,0.0,0.0,0.0,0.0
60,1800.0-1900.0,0.0,0.0,0.0,0.0
60,1900.0-2000.0,0.0,0.0,0.0,0.0
60,2000.0-2100.0,0.0,0.0,0.0,0.0
60,2100.0-2200.0,0.0,0.0,0.0,0.0
60,2200.0-2300.0,0.0,0.0,0.0,0.0
60,2300.0-2400.0,0.0,0.0,0.0,0.0
60,2400.0-2500.0,0.0,0.0,0.0,0.0
60,2500.0-2600.0,0.0,0.0,0.0,0.0
60,2600.0-2700.0,0.0,0.0,0.0,0.0
60,2700.0-2800.0,0.0,0.0,0.0,0.0
60,2800.0-2900.0,0.0,0.0,0.0,0.0
60,2900.0-3000.0,0.0,0.0,0.0,0.0
60,3000.0-3100.0,0.0,0.0,0.0,0.0
60,3100.0-3200.0,0.0,67.0,0.0,0.0
60,3200.0-3300.0,0.0,100.0,0.0,0.0
60,3300.0-3400.0,0.0,21.0,0.0,0.0
60,3400.0-3500.0,0.0,25.0,0.0,0.0
60,3500.0-3600.0,0.0,92.0,0.0,0.0
60,3600.0-3700.0,0.0,64.0,0.0,0.0
60,3700.0-3800.0,86.0,0.0,0.0,0.0
60,3800.0-3900.0,89.0,0.0,0.0,0.0
60,4100.0-4200.0,32.0,0.0,0.0,0.0
60,4200.0-4300.0,100.0,0.0,0.0,0.0
60,4300.0-4400.0,100.0,0.0,0.0,0.0
60,4400.0-4500.0,100.0,0.0,0.0,0.0
60,4500.0-4600.0,100.0,0.0,0.0,0.0
60,4600.0-4700.0,100.0,0.0,0.0,0.0
60,4700.0-4800.0,100.0,0.0,0.0,0.0
60,4800.0-4900.0,100.0,0.0,0.0,0.0
60,4900.0-5000.0,100.0,0.0,0.0,0.0
60,5000.0-5100.0,100.0,0.0,0.0,0.0
60,5100.0-5200.0,100.0,0.0,0.0,0.0
60,5200.0-5300.0,100.0,0.0,0.0,0.0
60,5300.0-5400.0,100.0,0.0,0.0,0.0
60,5400.0-5500.0,100.0,0.0,0.0,0.0
60,5500.0-5600.0,100.0,0.0,0.0,0.0
60,5600.0-5700.0,100.0,0.0,0.0,0.0
61,0.0-100.0,0.0,0.0,0.0,0.0
61,100.0-200.0,0.0,0.0,0.0,0.0
61,200.0-300.0,0.0,0.0,0.0,0.0
61,300.0-400.0,0.0,0.0,0.0,0.0
61,400.0-500.0,0.0,0.0,0.0,0.0
61,500.0-600.0,0.0,0.0,0.0,0.0
61,600.0-700.0,0.0,0.0,0.0,0.0
61,700.0-800.0,0.0,0.0,0.0,0.0
61,800.0-900.0,0.0,0.0,0.0,0.0
61,900.0-1000.0,0.0,0.0,0.0,0.0
61,1000.0-1100.0,0.0,0.0,0.0,0.0
61,1100.0-1200.0,0.0,0.0,0.0,0.0
61,1200.0-1300.0,0.0,0.0,0.0,0.0
61,1300.0-1400.0,0.0,0.0,0.0,0.0
61,1400.0-1500.0,0.0,0.0,0.0,0.0
61,1500.0-1600.0,0.0,0.0,0.0,0.0
61,1600.0-1700.0,0.0,0.0,0.0,0.0
61,1900.0-2000.0,0.0,0.0,0.0,0.0
61,2000.0-2100.0,0.0,0.0,0.0,0.0
61,2100.0-2200.0,0.0,0.0,0.0,0.0
61,2200.0-2300.0,0.0,0.0,0.0,18.0
61,2300.0-2400.0,0.0,0.0,0.0,100.0
61,2400.0-2500.0,0.0,0.0,0.0,59.0
61,2500.0-2600.0,0.0,0.0,0.0,100.0
61,2600.0-2700.0,0.0,0.0,0.0,100.0
61,2700.0-2800.0,0.0,0.0,0.0,100.0
61,2800.0-2900.0,0.0,0.0,0.0,100.0
61,2900.0-3000.0,0.0,0.0,0.0,100.0
61,3000.0-3100.0,0.0,0.0,0.0,94.0
61,3700.0-3800.0,14.0,0.0,0.0,0.0
61,3800.0-3900.0,100.0,0.0,0.0,0.0
61,3900.0-4000.0,3.0,0.0,31.0,0.0
61,4000.0-4100.0,0.0,0.0,100.0,0.0
61,4100.0-4200.0,0.0,0.0,100.0,0.0
61,4200.0-4300.0,7.0,0.0,31.0,0.0
61,4300.0-4400.0,100.0,0.0,0.0,0.0
61,4400.0-4500.0,100.0,0.0,0.0,0.0
61,4500.0-4600.0,100.0,0.0,0.0,0.0
61,4600.0-4700.0,100.0,0.0,0.0,0.0
61,4700.0-4800.0,100.0,0.0,0.0,0.0
61,4800.0-4900.0,100.0,0.0,0.0,0.0
61,4900.0-5000.0,100.0,0.0,0.0,0.0
61,5000.0-5100.0,100.0,0.0,0.0,0.0
61,5100.0-5200.0,100.0,0.0,0.0,0.0
61,5200.0-5300.0,100.0,0.0,0.0,0.0
61,5300.0-5400.0,31.0,0.0,0.0,0.0
61,5500.0-5600.0,17.0,0.0,0.0,0.0
61,5600.0-5700.0,100.0,0.0,0.0,0.0
61,5700.0-5800.0,100.0,0.0,0.0,0.0
61,5800.0-5900.0,100.0,0.0,0.0,0.0
61,5900.0-6000.0,100.0,0.0,0.0,0.0
61,6000.0-6100.0,100.0,0.0,0.0,0.0
61,6100.0-6200.0,100.0,0.0,0.0,0.0
61,6200.0-6300.0,100.0,0.0,0.0,0.0
62,2900.0-3000.0,0.0,0.0,0.0,92.0
62,3000.0-3100.0,0.0,0.0,0.0,100.0
62,3100.0-3200.0,0.0,0.0,0.0,100.0
62,3200.0-3300.0,0.0,0.0,0.0,63.0
62,3400.0-3500.0,0.0,0.0,0.0,17.0
62,3500.0-3600.0,0.0,0.0,0.0,100.0
62,3600.0-3700.0,0.0,0.0,0.0,74.0
62,3700.0-3800.0,0.0,0.0,0.0,100.0
62,3800.0-3900.0,0.0,0.0,0.0,100.0
62,3900.0-4000.0,0.0,0.0,0.0,100.0
62,4000.0-4100.0,0.0,0.0,0.0,84.0
62,4100.0-4200.0,0.0,0.0,0.0,100.0
62,4200.0-4300.0,0.0,0.0,0.0,100.0
62,4300.0-4400.0,0.0,0.0,0.0,100.0
62,4400.0-4500.0,0.0,0.0,0.0,69.0
62,4500.0-4600.0,0.0,0.0,0.0,100.0
62,4600.0-4700.0,0.0,0.0,0.0,100.0
62,4700.0-4800.0,0.0,0.0,0.0,100.0
62,4800.0-4900.0,0.0,0.0,0.0,100.0
62,4900.0-5000.0,0.0,0.0,0.0,100.0
62,5000.0-5100.0,0.0,0.0,0.0,78.0
62,5100.0-5200.0,0.0,0.0,0.0,100.0
62,5200.0-5300.0,0.0,0.0,0.0,100.0
62,5300.0-5400.0,0.0,0.0,0.0,100.0
62,5400.0-5500.0,0.0,0.0,0.0,71.0
62,5500.0-5600.0,0.0,0.0,0.0,100.0
62,5600.0-5700.0,7.0,0.0,0.0,43.0
62,5700.0-5800.0,100.0,0.0,0.0,0.0
62,5800.0-5900.0,100.0,0.0,0.0,0.0
62,5900.0-6000.0,100.0,0.0,0.0,0.0
62,6000.0-6100.0,100.0,0.0,0.0,0.0
62,6100.0-6200.0,100.0,0.0,0.0,0.0
62,6200.0-6300.0,65.0,0.0,0.0,0.0
62,6300.0-6400.0,61.0,0.0,0.0,0.0
63,0.0-100.0,0.0,0.0,0.0,0.0
63,100.0-200.0,0.0,0.0,0.0,0.0
63,200.0-300.0,0.0,0.0,0.0,0.0
63,300.0-400.0,0.0,0.0,0.0,0.0
63,400.0-500.0,0.0,0.0,0.0,0.0
63,600.0-700.0,0.0,0.0,0.0,0.0
63,700.0-800.0,0.0,0.0,0.0,0.0
63,800.0-900.0,0.0,0.0,0.0,0.0
63,900.0-1000.0,0.0,0.0,0.0,0.0
63,1000.0-1100.0,0.0,0.0,0.0,0.0
63,1100.0-1200.0,0.0,0.0,0.0,0.0
63,1200.0-1300.0,0.0,0.0,0.0,0.0
63,1300.0-1400.0,0.0,0.0,0.0,0.0
63,1400.0-1500.0,0.0,0.0,0.0,0.0
63,1500.0-1600.0,0.0,0.0,0.0,0.0
63,1600.0-1700.0,0.0,0.0,0.0,0.0
63,1700.0-1800.0,0.0,0.0,0.0,0.0
63,1800.0-1900.0,0.0,0.0,0.0,0.0
63,1900.0-2000.0,0.0,0.0,0.0,0.0
63,2000.0-2100.0,0.0,0.0,61.0,0.0
63,2100.0-2200.0,0.0,0.0,100.0,0.0
63,2200.0-2300.0,0.0,0.0,100.0,0.0
63,2300.0-2400.0,0.0,0.0,100.0,0.0
63,2400.0-2500.0,0.0,0.0,73.0,0.0
63,2500.0-2600.0,0.0,0.0,100.0,0.0
63,2600.0-2700.0,0.0,0.0,100.0,0.0
63,2700.0-2800.0,0.0,0.0,100.0,0.0
63,2800.0-2900.0,0.0,0.0,61.0,0.0
63,3100.0-3200.0,0.0,0.0,32.0,0.0
63,3200.0-3300.0,0.0,0.0,100.0,0.0
63,3300.0-3400.0,0.0,0.0,100.0,0.0
63,3400.0-3500.0,0.0,0.0,100.0,0.0
63,3500.0-3600.0,0.0,0.0,100.0,0.0
63,3600.0-3700.0,0.0,0.0,100.0,0.0
63,3700.0-3800.0,0.0,0.0,100.0,0.0
63,3800.0-3900.0,0.0,0.0,100.0,0.0
63,3900.0-4000.0,0.0,0.0,100.0,0.0
63,4000.0-4100.0,0.0,0.0,100.0,0.0
63,4100.0-4200.0,0.0,0.0,100.0,0.0
63,4200.0-4300.0,0.0,0.0,74.0,0.0
63,4300.0-4400.0,0.0,0.0,100.0,0.0
63,4400.0-4500.0,0.0,0.0,100.0,0.0
63,4500.0-4600.0,0.0,0.0,90.0,0.0
63,4600.0-4700.0,56.0,0.0,0.0,0.0
63,4700.0-4800.0,100.0,0.0,0.0,0.0
63,4800.0-4900.0,87.0,0.0,0.0,0.0
63,5100.0-5200.0,66.0,0.0,0.0,0.0
63,5200.0-5300.0,100.0,0.0,0.0,0.0
63,5300.0-5400.0,100.0,0.0,0.0,0.0
63,5400.0-5500.0,100.0,0.0,0.0,0.0
63,5500.0-5600.0,100.0,0.0,0.0,0.0
63,5600.0-5700.0,100.0,0.0,0.0,0.0
64,0.0-100.0,0.0,0.0,0.0,0.0
64,100.0-200.0,0.0,0.0,0.0,0.0
64,200.0-300.0,0.0,0.0,0.0,0.0
64,300.0-400.0,0.0,0.0,0.0,0.0
64,400.0-500.0,0.0,0.0,0.0,0.0
64,500.0-600.0,0.0,0.0,0.0,0.0
64,700.0-800.0,52.0,0.0,0.0,0.0
64,800.0-900.0,100.0,0.0,0.0,0.0
64,900.0-1000.0,100.0,0.0,0.0,0.0
64,1000.0-1100.0,100.0,0.0,0.0,0.0
64,1100.0-1200.0,100.0,0.0,0.0,0.0
64,1200.0-1300.0,100.0,0.0,0.0,0.0
64,1300.0-1400.0,100.0,0.0,0.0,0.0
64,1400.0-1500.0,100.0,0.0,0.0,0.0
64,1500.0-1600.0,100.0,0.0,0.0,0.0
64,1600.0-1700.0,100.0,0.0,0.0,0.0
64,1700.0-1800.0,100.0,0.0,0.0,0.0
64,1800.0-1900.0,100.0,0.0,0.0,0.0
64,1900.0-2000.0,100.0,0.0,0.0,0.0
64,2000.0-2100.0,100.0,0.0,0.0,0.0
64,2100.0-2200.0,100.0,0.0,0.0,0.0
64,2200.0-2300.0,46.0,0.0,0.0,0.0
64,2500.0-2600.0,69.0,0.0,0.0,0.0
64,2600.0-2700.0,100.0,0.0,0.0,0.0
64,2700.0-2800.0,100.0,0.0,0.0,0.0
64,2800.0-2900.0,100.0,0.0,0.0,0.0
64,2900.0-3000.0,100.0,0.0,0.0,0.0
64,3000.0-3100.0,100.0,0.0,0.0,0.0
64,3100.0-3200.0,100.0,0.0,0.0,0.0
64,3200.0-3300.0,100.0,0.0,0.0,0.0
64,3300.0-3400.0,100.0,0.0,0.0,0.0
64,3400.0-3500.0,100.0,0.0,0.0,0.0
64,3500.0-3600.0,100.0,0.0,0.0,0.0
64,3600.0-3700.0,100.0,0.0,0.0,0.0
64,3700.0-3800.0,49.0,0.0,0.0,0.0
64,3900.0-4000.0,0.0,0.0,11.0,0.0
64,4000.0-4100.0,0.0,0.0,100.0,0.0
64,4100.0-4200.0,0.0,0.0,100.0,0.0
64,4200.0-4300.0,0.0,0.0,100.0,0.0
64,4300.0-4400.0,0.0,0.0,100.0,0.0
64,4400.0-4500.0,0.0,0.0,98.0,0.0
64,4500.0-4600.0,21.0,0.0,0.0,0.0
64,4600.0-4700.0,100.0,0.0,0.0,0.0
64,4700.0-4800.0,55.0,0.0,0.0,0.0
64,4800.0-4900.0,0.0,0.0,86.0,0.0
64,4900.0-5000.0,0.0,0.0,100.0,0.0
64,5000.0-5100.0,0.0,0.0,100.0,0.0
64,5100.0-5200.0,12.0,0.0,9.0,0.0
64,5200.0-5300.0,100.0,0.0,0.0,0.0
64,5300.0-5400.0,80.0,0.0,0.0,0.0
64,5400.0-5500.0,68.0,0.0,0.0,0.0
64,5500.0-5600.0,100.0,0.0,0.0,0.0
64,5600.0-5700.0,100.0,0.0,0.0,0.0
64,5700.0-5800.0,100.0,0.0,0.0,0.0
64,5800.0-5900.0,90.0,0.0,0.0,0.0
64,5900.0-6000.0,100.0,0.0,0.0,0.0
64,6000.0-6100.0,100.0,0.0,0.0,0.0
64,6100.0-6200.0,100.0,0.0,0.0,0.0
